id,first_name,last_name,mobile,email,password
1,Morna,Fellows,913-870-0117,mfellows0@newsvine.com,s3PY1gxLkqSd
2,Barny,Stivani,426-259-3785,bstivani1@xrea.com,FB7afF
3,Juliann,Capon,626-579-2355,jcapon2@netscape.com,Xvnv56jl
4,Rani,Goodswen,354-532-5454,rgoodswen3@geocities.com,e6OS2G
5,Dannie,Tschirasche,599-306-3590,dtschirasche4@photobucket.com,hdF5mFyC
6,Trumaine,Dunsford,472-522-4901,tdunsford5@live.com,4X2z8dhJhmJ
7,Jodi,Palfery,604-705-4805,jpalfery6@wordpress.com,hTbpxeqF
8,Martita,Benard,904-799-5799,mbenard7@smugmug.com,4Zg1soyY
9,Blake,Hillan,685-165-4427,bhillan8@unblog.fr,MhXCJCKx
10,Rabi,Have,808-222-1560,rhave9@mapy.cz,E63ZYBWGQ2pT
11,Piotr,Mulqueen,637-572-6897,pmulqueena@hud.gov,gL7W4GipL
12,Flint,Abadam,482-665-3664,fabadamb@sitemeter.com,DGCYTP0zz
13,Sallyann,Houdmont,673-205-0247,shoudmontc@yale.edu,kwbJimL1
14,Leodora,Gabbott,277-633-9929,lgabbottd@ca.gov,Tdz3RkrmRl
15,Ambros,Knibley,370-386-8808,aknibleye@google.co.uk,V6kVsLE9
16,Lorrayne,Cowley,404-890-1650,lcowleyf@berkeley.edu,JFYG9rKaU
17,Abran,Vyvyan,898-556-7481,avyvyang@cargocollective.com,kYZBrhkI2UjJ
18,Cam,Belsham,471-789-8679,cbelshamh@hugedomains.com,15BHCktEr
19,Rodrick,McBlain,650-281-4426,rmcblaini@fc2.com,3OSSBBwNTJ
20,Del,Capozzi,170-290-2346,dcapozzij@cdbaby.com,vciSdl
21,Gabie,Willmott,840-114-0295,gwillmottk@stumbleupon.com,K7JKtnY6ZO
22,Duke,Doche,130-541-7574,ddochel@shutterfly.com,Pfh5ba2aIjN0
23,Yolane,Illwell,178-677-1410,yillwellm@shareasale.com,fXHx9Wjig8
24,Livvie,Hansed,591-975-2493,lhansedn@dailymail.co.uk,MUbA0fcHyxC
25,Sonja,Kirdsch,150-303-5062,skirdscho@buzzfeed.com,oaZyJfeBuNS
26,Rad,Petzolt,443-977-7904,rpetzoltp@facebook.com,20U2btKf
27,Yvor,Denington,759-897-7102,ydeningtonq@purevolume.com,XwgKJqc
28,Reg,Wakerley,319-496-0780,rwakerleyr@1und1.de,q44Dz8bT
29,Christalle,Reedyhough,532-831-7293,creedyhoughs@miibeian.gov.cn,GdutURvj6M
30,Lesley,Jobey,548-615-8093,ljobeyt@webnode.com,rshrqnW9gJa1
31,Ferdie,Armin,272-555-6717,farminu@prweb.com,L8mWI4cw2Q
32,Guinevere,Bowditch,549-374-7754,gbowditchv@unicef.org,4QCxFZZSiVu
33,Edwina,Claris,245-850-7510,eclarisw@123-reg.co.uk,ILOuzCsAVZ
34,Hollyanne,Bremmer,909-616-0095,hbremmerx@drupal.org,MWJo56wGG
35,Brew,Gannon,962-507-7192,bgannony@creativecommons.org,fHPFcgeWGz
36,Cleveland,Oakey,515-606-5472,coakeyz@ning.com,Z5qLVlp
37,Cad,Abbets,795-293-3752,cabbets10@etsy.com,QcIMyfoRcxh
38,Ezechiel,Bodill,488-270-4127,ebodill11@gravatar.com,YoPclYzHu7ro
39,Benn,Adney,187-384-3428,badney12@bloglovin.com,qWn59RIyDPbh
40,Schuyler,Jerke,610-531-1154,sjerke13@ed.gov,ndeYYb
41,Wilone,Thrush,213-400-3771,wthrush14@vk.com,4ZLir9GQC
42,Ninnette,Kitteman,536-122-4003,nkitteman15@reverbnation.com,Ve4bk4jqhIFa
43,Lev,Peascod,378-203-5094,lpeascod16@t.co,Yc3ibj
44,Gayelord,Toth,107-201-5752,gtoth17@fema.gov,wpE6fF7go
45,Melly,Duffell,184-470-1381,mduffell18@vinaora.com,i88DPgt7
46,Frazer,Covendon,860-468-0997,fcovendon19@ow.ly,3myuMHB
47,Minta,Fuggles,579-813-1079,mfuggles1a@booking.com,Jmb8T2tD5
48,Alan,Fridd,681-797-4856,afridd1b@php.net,K9reoG2CeaN
49,Cammi,D'Ruel,383-664-5562,cdruel1c@yolasite.com,LIvjhtPx
50,Darlleen,Sarvar,489-492-4314,dsarvar1d@cbsnews.com,8g0iu112H
51,Marietta,McDermott-Row,391-944-3892,mmcdermottrow1e@ycombinator.com,gV4NmGd6
52,Dwight,Toffanelli,335-834-2421,dtoffanelli1f@soundcloud.com,e9RxV8giv
53,Stefanie,Higgen,281-567-5834,shiggen1g@theglobeandmail.com,3EBa3ZIR4J
54,Jackie,Bonsey,803-136-4172,jbonsey1h@is.gd,8wdYSDe2Azse
55,Evie,Clotworthy,724-592-8922,eclotworthy1i@devhub.com,nexsYbeVUpwy
56,Brittne,Stokey,725-101-7624,bstokey1j@myspace.com,EaWKoB2swD
57,Sheila,Elford,349-628-4123,selford1k@blogspot.com,uquQWo5ZyXz
58,De witt,Attewell,318-713-6733,dattewell1l@soup.io,UQJT3R
59,Stella,Vergine,703-881-4690,svergine1m@ifeng.com,RySy3kPn
60,Dalila,Stanbro,576-142-8321,dstanbro1n@typepad.com,f3mr9xEOw6
61,Valenka,Ramplee,565-376-6126,vramplee1o@economist.com,JM5UgvH
62,Clarey,Laphorn,384-357-5456,claphorn1p@istockphoto.com,XXiteAYQi1
63,Netti,Endecott,807-627-6330,nendecott1q@yellowbook.com,8fxGxYtq
64,Amalita,Kubasek,557-871-0785,akubasek1r@earthlink.net,dcrrAHpbjAJ2
65,Veronica,Perdue,131-206-9889,vperdue1s@nba.com,GQxT3CyTO
66,Munroe,Fowles,982-992-5128,mfowles1t@java.com,RufsNWidS5uK
67,Alysia,De Domenici,130-711-8669,adedomenici1u@amazon.co.jp,eyXjvrvx8
68,Cicely,Astles,389-500-0863,castles1v@shareasale.com,GA11ZIx76kQ
69,Pietro,Mattin,462-945-2163,pmattin1w@addthis.com,z1STYfm8E
70,Lindsy,MacAscaidh,133-588-2343,lmacascaidh1x@bluehost.com,FUoSI40
71,Saundra,Stent,895-732-5693,sstent1y@theguardian.com,8gUeyp
72,Thomasa,Mamwell,872-417-8272,tmamwell1z@multiply.com,791rxW
73,Candice,Billam,961-159-0107,cbillam20@cdbaby.com,jYwyJkep
74,Oona,Gibbins,555-284-8391,ogibbins21@dagondesign.com,HkvIVp
75,Annabelle,Nathan,718-653-2717,anathan22@pen.io,RU3GYMvfiVN
76,Misti,Auchterlonie,415-294-3924,mauchterlonie23@networksolutions.com,pQ9xKAkb5nll
77,Adler,Lysaght,767-256-6293,alysaght24@technorati.com,0Cih1ZJug
78,Gabby,Whitaker,746-690-6740,gwhitaker25@nba.com,GiJIePA6tS
79,Ignacio,Palia,124-418-6845,ipalia26@tripadvisor.com,lkYmQCIZ
80,Kelci,Besant,505-615-4137,kbesant27@spotify.com,YD8OzC
81,Lyell,Dunkinson,394-560-3183,ldunkinson28@blog.com,iv0QqO
82,Idelle,Killen,692-145-3020,ikillen29@hp.com,XyR5EgxLW
83,Kesley,Chritchlow,934-407-1767,kchritchlow2a@icq.com,2Sapo2p
84,Belinda,McKechnie,814-155-2165,bmckechnie2b@accuweather.com,qy1TigKiM41u
85,Lorens,MacNamee,468-938-4367,lmacnamee2c@yellowbook.com,co6l6iMrNVgO
86,Ronny,Sleaford,538-615-7463,rsleaford2d@ovh.net,T3L4T22jQ
87,Lucille,Farncombe,499-212-3814,lfarncombe2e@multiply.com,XA6dcliIA
88,Umeko,Oakton,833-197-1349,uoakton2f@nymag.com,enz29fTx
89,Norry,Donkersley,522-194-9783,ndonkersley2g@cbslocal.com,B7QZGBXmR
90,Chad,Rothman,152-969-2269,crothman2h@printfriendly.com,0JGO3P
91,Mignonne,Uden,737-930-6930,muden2i@pbs.org,cIXsScB
92,Gwen,Michele,886-726-3728,gmichele2j@yandex.ru,P4D0VIfJA
93,Jobyna,Lethbrig,572-733-1744,jlethbrig2k@baidu.com,OHP5Q3b
94,Guillermo,Gimson,673-680-8557,ggimson2l@mysql.com,mo7Auseu8t
95,Murray,Janic,282-507-7820,mjanic2m@patch.com,DrOQsqvVpq
96,Drake,Page,951-880-0369,dpage2n@themeforest.net,gzdYt1n4R
97,Mufinella,Witsey,116-132-1042,mwitsey2o@shop-pro.jp,E5xsofjfo
98,Tani,Wanne,157-120-3221,twanne2p@ameblo.jp,WsSvIsUu
99,Gretna,Cohen,616-343-9282,gcohen2q@feedburner.com,F0Y4lNymRzCp
100,Adey,Norledge,193-626-7528,anorledge2r@pcworld.com,t027eu
101,Alisander,Davis,871-702-1078,adavis2s@goo.gl,k0GIywY
102,Esdras,Elcott,784-901-8581,eelcott2t@ebay.com,i2dCIxOkKIx
103,Gilberte,Avramovsky,710-645-4995,gavramovsky2u@google.com.au,bQE7pVC7p81
104,Maureene,Swinburne,796-784-4045,mswinburne2v@acquirethisname.com,8f4pOZgmmmF
105,Jackelyn,Morin,606-282-4200,jmorin2w@hugedomains.com,CLoalxm6
106,Giustino,Tompkinson,380-130-7562,gtompkinson2x@tinypic.com,CKe1Jn
107,Osborn,O'Flannery,565-482-1153,ooflannery2y@mozilla.com,GEqueDc
108,Evey,Wash,965-447-9261,ewash2z@ehow.com,jX0UYn
109,Jerome,Belliss,530-907-8464,jbelliss30@phpbb.com,Kj0egIBWF
110,Kirstyn,Edson,894-247-3296,kedson31@omniture.com,S8nnAoSnYr0X
111,Reynold,Jimpson,810-388-3034,rjimpson32@skyrock.com,OgsTD2
112,Maire,Engeham,512-746-8560,mengeham33@ibm.com,w6nir60Z
113,Kipper,Davidowsky,606-362-0004,kdavidowsky34@istockphoto.com,ZYw53SMJ
114,Krista,Jendrich,401-806-4087,kjendrich35@squidoo.com,LHxq8zn1yZ
115,Lane,Kippins,546-612-7153,lkippins36@goodreads.com,rzfqgcwAhgg
116,Constantin,Mucklestone,158-849-4270,cmucklestone37@feedburner.com,lM8jedzWNF
117,Agretha,Hambidge,413-175-8096,ahambidge38@nbcnews.com,UGHtEDb
118,Tamas,Spackman,300-895-0371,tspackman39@bloomberg.com,aIz3HYQ8fg
119,Emelen,Toderbrugge,110-109-7651,etoderbrugge3a@webmd.com,Bl96qgV
120,Juliane,Gehrtz,451-139-9249,jgehrtz3b@earthlink.net,ZD4j9A
121,Martie,Leinthall,593-436-3446,mleinthall3c@phoca.cz,rPvRZSitZ8
122,Howie,Cumo,594-329-4959,hcumo3d@a8.net,RdN2CkGOByk
123,Philip,Absalom,851-131-4378,pabsalom3e@cbc.ca,CzWWfU
124,Brett,Crystal,330-636-6400,bcrystal3f@globo.com,r1FAYnB
125,Benton,Kilford,443-785-5662,bkilford3g@engadget.com,z7rPAUSe3me
126,Kiri,Pigney,906-766-1649,kpigney3h@goo.gl,4atQdURgr
127,Carl,O'Sculley,886-887-1933,cosculley3i@privacy.gov.au,CoveGm
128,Juliette,Hazelton,196-918-4687,jhazelton3j@imageshack.us,nncfgCnic
129,Carce,Wholesworth,518-556-8660,cwholesworth3k@tripadvisor.com,Nk0emeERaPI
130,Valerie,Lifsey,194-871-6797,vlifsey3l@apache.org,BBpykiXdz
131,Natka,Cinavas,985-930-9610,ncinavas3m@icq.com,AKXoib6k
132,Shirlee,Cridge,878-767-5061,scridge3n@yahoo.co.jp,srXDdSaTc
133,Frederique,Marrington,913-652-4679,fmarrington3o@dailymail.co.uk,dbWqMc
134,Lorianna,Ellick,339-828-5723,lellick3p@unblog.fr,wLRnFh1
135,Tarah,Lacey,862-120-9439,tlacey3q@taobao.com,iBopkh
136,Sven,Bolesma,713-646-1715,sbolesma3r@jigsy.com,0MBfcmv7
137,Jena,Frichley,163-889-7167,jfrichley3s@hc360.com,yjPL356F
138,Carlyn,Logie,398-921-4810,clogie3t@artisteer.com,VE3bB6
139,Cale,Gosnall,778-986-9998,cgosnall3u@drupal.org,OGVPiybSZA
140,Marilin,Teague,991-733-0467,mteague3v@purevolume.com,pUwsQdi
141,Mimi,Brounfield,525-540-4632,mbrounfield3w@imgur.com,LMqypt5A9J
142,Maribel,Willmore,516-609-0482,mwillmore3x@tripadvisor.com,8DjpOS
143,Morie,Gossage,461-436-8276,mgossage3y@marketwatch.com,mVsF6hqBs
144,Cindy,Romayn,681-103-3726,cromayn3z@china.com.cn,INdDrlHKJXcR
145,Anthea,Drife,765-856-7465,adrife40@theguardian.com,8MuBAd5
146,Berty,Attard,807-633-5192,battard41@addtoany.com,AEEjKOaA62K
147,Anabella,MacTrustrie,977-189-5651,amactrustrie42@networkadvertising.org,ytFmgZNf
148,Alon,Guerrin,360-333-0789,aguerrin43@elpais.com,gCCzwyqb
149,Margalo,Manon,707-180-5459,mmanon44@is.gd,2gIX7lR
150,Elsa,McRobert,807-993-2517,emcrobert45@nbcnews.com,9V5m8l8j2m9j
151,Mycah,Yanukhin,104-129-5532,myanukhin46@taobao.com,EK9I3UG
152,Felicia,Wyburn,614-537-7545,fwyburn47@w3.org,nm0rx0OT35ZO
153,Nara,Hegarty,771-191-9003,nhegarty48@oracle.com,mN5QUaGT8
154,Skylar,Purslow,905-981-2994,spurslow49@over-blog.com,voDRZDcaVul
155,Pietrek,Tivolier,838-169-6225,ptivolier4a@miitbeian.gov.cn,wPPZeW99YDkn
156,Selig,Andrich,804-641-7221,sandrich4b@go.com,aopKOvq0P
157,Anny,Kesey,634-586-9868,akesey4c@people.com.cn,St2q2bk
158,Trudi,Muckloe,559-841-7723,tmuckloe4d@pen.io,Mpd7QAP5
159,Ronny,Stilgoe,888-971-6161,rstilgoe4e@cmu.edu,BxghyVqwn5
160,Clay,Soldner,726-648-1223,csoldner4f@fastcompany.com,f4L6XZ
161,Kacy,Edward,369-916-3823,kedward4g@hc360.com,OTvGlBcXsXGi
162,Elfreda,Mahaddie,216-991-1857,emahaddie4h@dmoz.org,lc1j6E7TKZmq
163,Johannes,Bisset,216-220-6654,jbisset4i@mayoclinic.com,jW0Y3Ropx
164,Matt,Rought,644-248-5128,mrought4j@forbes.com,im3JLls1rD
165,Orella,Yushin,949-807-1335,oyushin4k@quantcast.com,SN8uXP
166,Ingeberg,Bramhall,106-221-3002,ibramhall4l@hostgator.com,qWFS2QeXsww
167,Drusie,Keeley,368-141-7637,dkeeley4m@altervista.org,SKn73kHOSq
168,Brina,Gianetti,979-992-0045,bgianetti4n@youku.com,zBzX3ri4
169,Sibby,Georgeon,437-705-2543,sgeorgeon4o@gravatar.com,UJFLeTLjru
170,Cesar,Titcom,747-881-6919,ctitcom4p@storify.com,02mrZF6
171,Ellwood,Oxherd,352-353-7218,eoxherd4q@deliciousdays.com,DO6ZR0W2Qs
172,Glynis,Motte,662-417-1831,gmotte4r@w3.org,G2VW0OpJ
173,Celka,Tanzig,998-565-1606,ctanzig4s@360.cn,A039z4
174,Nance,Livoir,626-193-7824,nlivoir4t@parallels.com,lAaG3Q8h9
175,Violetta,Todhunter,642-916-9680,vtodhunter4u@businessinsider.com,MWTkxowUvGVv
176,Chris,Geering,675-755-4661,cgeering4v@scribd.com,xxa66J
177,Shellysheldon,Killeley,470-898-2379,skilleley4w@ucoz.ru,b884kndc5
178,Renell,Mycroft,218-737-8299,rmycroft4x@flavors.me,gNpiVGpG6
179,Doti,Yeoland,334-494-5638,dyeoland4y@quantcast.com,z1OzOCuKwxD
180,Sarah,Colbertson,741-956-4887,scolbertson4z@umn.edu,54rZfWXpkye
181,Maren,Trimby,816-757-2239,mtrimby50@timesonline.co.uk,2sSfHbF
182,Haleigh,Radbond,982-656-8427,hradbond51@rediff.com,FuwOX8K2Klie
183,Ramon,Grandison,551-927-4973,rgrandison52@360.cn,oyzOCs6p3
184,Wynny,Nellies,202-135-6059,wnellies53@ibm.com,oDEt1cqXRSzo
185,Inigo,Caudray,331-849-8160,icaudray54@dell.com,ZdOoNlFx1
186,Jessika,Donativo,981-697-7655,jdonativo55@gmpg.org,czFz8Jw5VX
187,Fernande,Sillito,744-542-2314,fsillito56@indiatimes.com,SX9XJ6CsZ
188,Stirling,Kinghorn,496-958-4885,skinghorn57@wix.com,sMr87Dojp
189,Christalle,Proske,100-569-7507,cproske58@amazon.de,VZ476fZ9q
190,Brooks,Rodenborch,237-387-6747,brodenborch59@blog.com,WO3EHq3
191,Enrico,Cardiff,990-286-2512,ecardiff5a@bizjournals.com,otUqVpUKAe
192,Kassia,Boyde,711-527-8665,kboyde5b@deviantart.com,cRw8lQ1
193,Steve,Heather,240-466-1394,sheather5c@homestead.com,aKjfOC
194,Tanny,Blas,932-490-1801,tblas5d@seattletimes.com,oaLOWJlmrgD
195,Tabbitha,Stading,354-911-7530,tstading5e@usda.gov,0JZDS8lZKU3g
196,Anselm,Steinhammer,773-111-6401,asteinhammer5f@army.mil,i0I1t0W7Pv
197,Glynn,Douthwaite,857-923-8886,gdouthwaite5g@pen.io,LJT9om
198,Maureen,Denzilow,853-356-4261,mdenzilow5h@shinystat.com,vZAPokrocTz
199,Andeee,Pounsett,338-560-7592,apounsett5i@yellowpages.com,xOE8DLVt
200,Smitty,Itzakovitz,417-969-8365,sitzakovitz5j@dropbox.com,XBrDY9sVB
201,Shanna,Louisot,115-544-4002,slouisot5k@google.co.jp,ivZ2gtC
202,Elfie,Bumpus,154-302-5075,ebumpus5l@nymag.com,h0gci1nfE
203,Thaxter,Wimlett,377-888-7947,twimlett5m@github.io,pdaz0cPzoa
204,Billie,Lofthouse,774-380-6660,blofthouse5n@washingtonpost.com,rvSFf5
205,Wylma,Ricart,742-412-6118,wricart5o@people.com.cn,X2nv9G
206,Joann,Mouatt,246-449-2433,jmouatt5p@over-blog.com,QTyKCLSY0o3
207,Katharina,Solland,973-335-8627,ksolland5q@webnode.com,okf93o
208,Aharon,Gyde,277-277-9966,agyde5r@blogspot.com,3KVPGuWS6w
209,Goran,De La Coste,899-120-1056,gdelacoste5s@biblegateway.com,SLQXoYrRphi
210,Junette,Alyokhin,732-529-9818,jalyokhin5t@goodreads.com,akS5zm
211,Emera,Domenc,936-796-6555,edomenc5u@cdbaby.com,ZEl7RGmBqszr
212,Marcelo,Woodrow,787-999-1767,mwoodrow5v@ow.ly,WS5gLJ1WkE2m
213,Marlon,Beamiss,607-880-8192,mbeamiss5w@amazon.co.jp,cbPdTOdE
214,Charmion,Jakucewicz,516-801-8566,cjakucewicz5x@ebay.com,sTSpix
215,Moe,Filer,407-526-6288,mfiler5y@paginegialle.it,Y5LwNTt
216,Christyna,Dempster,322-552-7869,cdempster5z@google.fr,hrKSmTFo
217,Angel,Albrook,719-210-5113,aalbrook60@seesaa.net,7J7tqbh
218,Vinni,Burridge,729-499-4130,vburridge61@state.gov,HbuShh1G
219,Ashla,Fowles,662-859-1073,afowles62@topsy.com,AidWbCxZk
220,Elwin,Gwinn,409-857-6860,egwinn63@cam.ac.uk,ZJUJYLdf9TU
221,Jerrold,Astin,370-343-8832,jastin64@slate.com,UnjFJxQ45z0b
222,Alma,Abrahamian,303-519-1760,aabrahamian65@cloudflare.com,jzJOgrXd5B
223,Maia,Tavernor,162-149-4340,mtavernor66@pagesperso-orange.fr,Vr7S21V
224,Sula,Leethem,798-581-0769,sleethem67@usatoday.com,B6Z0rG
225,Ariana,Haddon,287-185-1468,ahaddon68@symantec.com,TpW0yXHS
226,Hayward,Adolfsen,863-986-1619,hadolfsen69@com.com,b8fxk18Q
227,Osbert,Brisbane,896-903-0243,obrisbane6a@spotify.com,Q9Pd48IHieB
228,Farleigh,Dymidowski,843-885-8670,fdymidowski6b@amazon.de,KN9VxPCU
229,Rhiamon,Booij,727-225-8607,rbooij6c@pinterest.com,v4c8LfSGRRQP
230,Leoline,Bourdel,928-357-0485,lbourdel6d@hubpages.com,JrOdQ0b
231,Yoshiko,Cridlon,628-353-2967,ycridlon6e@people.com.cn,5eturJIW9
232,Kameko,Hizir,601-969-2320,khizir6f@amazon.co.uk,CGWDLXjBbNR
233,Lorilee,Favela,589-871-9914,lfavela6g@apache.org,zIlHkD
234,Mollee,Klimus,999-386-4971,mklimus6h@economist.com,p0R2MOrR9gZw
235,Therine,Bwy,885-586-7534,tbwy6i@canalblog.com,1yAyxRj7GTv
236,Kurt,Niessen,481-434-8528,kniessen6j@mozilla.org,q3VjQpC
237,Roxine,Mougenel,397-899-8424,rmougenel6k@hubpages.com,TJyyU7Ul
238,Charlton,Pegden,241-215-7673,cpegden6l@reference.com,p04nfTH27c
239,Jeremias,Scotchbrook,714-797-4774,jscotchbrook6m@unesco.org,J8nYnB
240,Nanon,Glencrosche,861-747-0157,nglencrosche6n@cnn.com,pvMegE0U96p
241,Bridgette,Rapport,648-974-5687,brapport6o@usgs.gov,pmT7vifLUD03
242,Amabelle,Prestage,486-677-7004,aprestage6p@kickstarter.com,L2MMMYI
243,Sande,Prestidge,523-651-2334,sprestidge6q@digg.com,jbFxlrW
244,Rivy,D'Souza,757-212-9323,rdsouza6r@edublogs.org,yulKQuQGBpA
245,Daria,Mildenhall,858-395-7921,dmildenhall6s@latimes.com,s6tV56jv8E
246,Burty,Di Biagio,169-659-3114,bdibiagio6t@google.co.jp,KRFY0yF7K
247,Homere,Burtonshaw,605-975-8046,hburtonshaw6u@bbb.org,RwFghIQFId
248,Gilemette,Dullard,791-202-7276,gdullard6v@stanford.edu,WxMyuxZdIZSn
249,Hesther,Winspar,647-398-0075,hwinspar6w@tripod.com,XC0SRj3eGLT
250,Nannie,Blow,105-885-4620,nblow6x@trellian.com,Blr1EJgx
251,Shelagh,Bonn,191-812-0358,sbonn6y@yolasite.com,Clsdfl5v2
252,Gibb,Storks,755-932-9175,gstorks6z@weather.com,fjSNNCvO
253,Ingunna,Aldcorn,505-813-0587,ialdcorn70@goo.gl,SYQyS15PJ
254,Marlowe,Drage,420-177-4070,mdrage71@parallels.com,BuUSv47ZkDn
255,Myrlene,Flaune,701-532-6745,mflaune72@dailymail.co.uk,Oe4dEfAXjGpX
256,Harald,Labrom,221-176-8345,hlabrom73@ebay.co.uk,lbz7ZAn6B
257,Damita,Butterwick,535-233-9966,dbutterwick74@paypal.com,ctYmePXvWzp
258,Ilka,Gookey,888-230-4186,igookey75@dedecms.com,YM3Fi0pY
259,Grazia,Colegrove,741-330-6904,gcolegrove76@wiley.com,PmydpY
260,Timofei,Tordiffe,107-219-3084,ttordiffe77@virginia.edu,YjeGIoW
261,Inglis,Dalston,940-494-5686,idalston78@wikispaces.com,zVkpK8RO
262,Fraze,Khristoforov,670-703-3519,fkhristoforov79@ibm.com,Ie4OxLCTzE
263,Valerie,Komorowski,705-334-5442,vkomorowski7a@diigo.com,ykHJOIW9o7c
264,Lonee,Alelsandrowicz,754-388-3723,lalelsandrowicz7b@printfriendly.com,B1zzMtxQRqN
265,Olivia,Incogna,900-955-8605,oincogna7c@accuweather.com,ahqVJOVjA1jp
266,Elijah,Spaven,654-547-2344,espaven7d@ihg.com,1Bv9FdAMm
267,Vonni,Foskin,590-902-2093,vfoskin7e@umn.edu,8UtSvs
268,Prissie,Liveley,938-847-4015,pliveley7f@aol.com,5dcTfYgdLw
269,Dalis,Retallick,871-483-0874,dretallick7g@bluehost.com,JI4ByUDlwu
270,Orel,Mower,738-113-3117,omower7h@latimes.com,0rzLs02
271,Ellette,Bayle,125-210-2973,ebayle7i@dyndns.org,9euOdcyn
272,Davey,Corneliussen,289-892-1724,dcorneliussen7j@symantec.com,aiMG9pnKKDI
273,Danni,Wurst,236-861-5367,dwurst7k@simplemachines.org,jj0VehvOz2
274,Winonah,Jiru,408-542-0243,wjiru7l@elegantthemes.com,Xco4sq5WswoQ
275,Fremont,Frango,234-339-8189,ffrango7m@globo.com,ptzt8fRTp
276,Amabel,Beckhouse,931-605-0235,abeckhouse7n@example.com,VwvlV4t
277,Oralia,Escalero,106-444-3344,oescalero7o@google.co.jp,XRSjaLueYVu
278,Carleton,Giacobilio,945-956-7925,cgiacobilio7p@google.com,eiFpCSlEm
279,Dennet,Oxtaby,646-825-6480,doxtaby7q@squidoo.com,ZoIa2Z
280,Garik,Lowery,345-512-0766,glowery7r@photobucket.com,WapRdV
281,Way,Wilkenson,566-692-0135,wwilkenson7s@tiny.cc,9MFi8kK
282,Heloise,Kneal,542-622-3457,hkneal7t@seesaa.net,QhdDLJ
283,Blondell,Aleksahkin,259-798-0186,baleksahkin7u@ycombinator.com,p5McxBkvecF
284,Stanislaus,MacCallister,265-962-2695,smaccallister7v@webs.com,MlQLDoKnsCC
285,Raven,Riseley,161-814-9459,rriseley7w@miibeian.gov.cn,sYqFKW
286,Hyatt,Adair,939-124-9046,hadair7x@slate.com,2QeWnQJGx
287,Annabelle,Schwartz,994-368-7120,aschwartz7y@theglobeandmail.com,9ePHj9qd
288,Elsey,Ferrige,437-869-4168,eferrige7z@upenn.edu,yhYN0qKALqy
289,Eustace,Curle,104-989-1887,ecurle80@jimdo.com,IfLFvf9
290,Siouxie,Couvet,257-386-8138,scouvet81@icq.com,5PcEjoT4
291,Nelle,Dodds,872-693-9997,ndodds82@cpanel.net,7SuCrX
292,Paquito,Cowe,407-675-2316,pcowe83@odnoklassniki.ru,tBjot0Ay
293,Ivor,Klaussen,232-992-6931,iklaussen84@1688.com,2oTBm56J5DU
294,Rubetta,McWhin,528-891-2783,rmcwhin85@gnu.org,xs1mWimSJ
295,Karoly,Vasiltsov,113-315-4698,kvasiltsov86@tmall.com,HShINxeuV
296,Lisabeth,Christescu,213-147-8473,lchristescu87@sciencedaily.com,CrMQJnUf
297,Joelle,Northleigh,423-316-7636,jnorthleigh88@cargocollective.com,Xz3C3jSi
298,Allyce,Neylon,574-634-9910,aneylon89@dyndns.org,7lag9AHHnWc
299,Ruy,Brent,896-376-5145,rbrent8a@altervista.org,MAkwL3ytB5zS
300,Traver,O'Siaghail,530-641-6056,tosiaghail8b@nyu.edu,z3aCOb
301,Dorothy,Jobes,722-130-0592,djobes8c@fema.gov,aCnAFjDUlEQ
302,Leoline,Knibbs,221-139-4662,lknibbs8d@domainmarket.com,dw8NRfkWyi
303,Oswald,Willicott,247-689-9954,owillicott8e@moonfruit.com,uBnUasf2lYm
304,Phyllida,Blazej,453-161-3902,pblazej8f@irs.gov,VodiEEoUnI18
305,Aldo,Jurn,651-950-2543,ajurn8g@mayoclinic.com,ulZBIWoe
306,Lorrie,Coddington,781-808-6370,lcoddington8h@trellian.com,yKogN2fR
307,Merrily,Kember,260-328-8891,mkember8i@list-manage.com,LqY7cHrsQ
308,Sven,Casely,365-973-8046,scasely8j@newsvine.com,fY0jav
309,Letty,Roughsedge,552-571-9739,lroughsedge8k@digg.com,fhqaRnX
310,Berta,Huntall,124-301-4014,bhuntall8l@tripadvisor.com,WPRWCl
311,Alexei,Skough,494-360-4517,askough8m@redcross.org,mUAcu53Zp
312,Claudian,Worsalls,444-254-4231,cworsalls8n@virginia.edu,486CXIPV
313,Scarface,Clemot,792-117-6186,sclemot8o@si.edu,y8VqOM3
314,Francine,Tomkinson,559-730-3833,ftomkinson8p@fema.gov,SvtfZv67
315,Gustave,Kuhnt,837-522-9269,gkuhnt8q@mail.ru,GCR77a7R
316,Estelle,Crossfield,714-880-9487,ecrossfield8r@studiopress.com,VP07ABq1e
317,Sarine,Pepye,816-158-3952,spepye8s@over-blog.com,oFY4gaoi0
318,Webb,Ong,685-708-2581,wong8t@soundcloud.com,rdulSSr
319,Josephine,Goodger,936-852-7279,jgoodger8u@etsy.com,9WYoCLiEec1
320,Prue,Bwy,256-507-7089,pbwy8v@diigo.com,0NYJTc78yUul
321,Bruce,Richold,216-182-0132,brichold8w@livejournal.com,0Vg2Nn8
322,Talia,Helliwell,215-270-0093,thelliwell8x@who.int,2Hgw1NM20HJQ
323,Eugen,Sarrell,240-855-4511,esarrell8y@google.ru,tLMzLX
324,Caldwell,Hazeldine,691-656-7515,chazeldine8z@mlb.com,uIgqbPllA
325,Dulcine,Hauck,377-789-3070,dhauck90@purevolume.com,vhkGmt5rj
326,Artemus,Snazel,343-423-0465,asnazel91@ihg.com,CoLBctj
327,Kinna,Ryal,933-645-3373,kryal92@themeforest.net,qBwyQr
328,Kip,Plumm,466-348-2580,kplumm93@cbc.ca,mhhoRKXPU
329,Larry,Sauvain,733-353-6355,lsauvain94@newsvine.com,3BPfzBnIDE
330,Lynda,Choke,901-398-4643,lchoke95@mail.ru,znmj5fI
331,Shandie,Serjent,117-355-5723,sserjent96@topsy.com,HA8pqlkhR
332,Gerladina,Ulyat,564-548-7779,gulyat97@hp.com,8s2ZQLafX
333,Mikel,MacCaughan,705-918-5001,mmaccaughan98@joomla.org,ztGhliB7Ti
334,Noach,Dodshun,583-642-1534,ndodshun99@tiny.cc,yJ9hyw
335,Ileana,Rollo,439-921-1758,irollo9a@nsw.gov.au,w0qFYGGCbQh
336,Alon,Ossipenko,838-365-9090,aossipenko9b@yale.edu,ZmKXa5kyGcZl
337,Ashely,Cantillion,733-334-9398,acantillion9c@yandex.ru,3fBuGJCCR3
338,Alayne,Scad,306-958-2068,ascad9d@baidu.com,7fVz3B9
339,Felike,McGinley,849-855-3774,fmcginley9e@oracle.com,7ye7ZmQ
340,Neda,Dilston,347-445-4392,ndilston9f@linkedin.com,QvcmQmAUDUg
341,Drud,Fidge,182-219-9477,dfidge9g@flavors.me,bfyR7CgfX
342,Sioux,Blandamere,292-913-5071,sblandamere9h@twitter.com,lAxxKvHRofY
343,Adlai,Rushby,474-838-2897,arushby9i@usnews.com,h1pXHa
344,Justin,Sleford,339-599-7303,jsleford9j@weather.com,79yMWt7kg6B
345,Niven,Jannex,231-961-4220,njannex9k@elegantthemes.com,pHwtXzz3YAr1
346,Marilee,Lockyer,388-629-0635,mlockyer9l@ox.ac.uk,T4SlmEI
347,Petra,Sommerton,578-828-7543,psommerton9m@archive.org,xo1UJMGt
348,Halimeda,Bogey,180-962-5333,hbogey9n@technorati.com,7rOH0E6
349,Alix,Onn,512-151-8356,aonn9o@examiner.com,RJmdusL
350,Arvin,Ovington,998-665-5423,aovington9p@pcworld.com,ZI3x3RM
351,Fax,Siemantel,265-679-3762,fsiemantel9q@cnn.com,I20cl9Th8
352,Gratia,Dowers,820-518-4207,gdowers9r@xing.com,6Tm0Vg
353,Tod,Brehaut,804-593-6613,tbrehaut9s@istockphoto.com,ds63WHe2V
354,Bridgette,Lidgley,506-349-8947,blidgley9t@twitpic.com,vVMb0Bnbjq5y
355,Renelle,Manning,994-886-9906,rmanning9u@google.com.br,p6w0wvvSE
356,Margaux,Wheatcroft,396-556-0976,mwheatcroft9v@multiply.com,1KH7Efm
357,Denis,Girkin,355-850-0621,dgirkin9w@google.co.uk,zXxkSP
358,Perrine,Dunbobbin,926-638-2983,pdunbobbin9x@odnoklassniki.ru,TSyiUkOPAHsr
359,Danya,Andrew,483-450-4735,dandrew9y@jalbum.net,8TV5fO
360,Bernette,Valintine,738-409-2090,bvalintine9z@thetimes.co.uk,S8UPFk8WNMH
361,Silvan,Emsley,911-432-6097,semsleya0@ask.com,DdWU10Me8b1
362,Wileen,Kinmond,313-595-0017,wkinmonda1@discovery.com,xrZN7uBTkU
363,Wilhelm,Bunten,967-729-6453,wbuntena2@tumblr.com,Obc2DxO0Yq2L
364,Staci,McWhinnie,216-904-7134,smcwhinniea3@economist.com,qxDDRIXz
365,Sybyl,Chittleburgh,592-444-6092,schittleburgha4@dropbox.com,dXc8JSALhV
366,Dru,Kornas,596-257-0255,dkornasa5@bloomberg.com,vq10fJBZLL
367,Brittany,Lies,723-523-3707,bliesa6@npr.org,McjuT7
368,Virginie,Hamelyn,327-376-3319,vhamelyna7@wordpress.org,GpVoPEGeMQ
369,Dolly,Malenoir,311-613-5293,dmalenoira8@angelfire.com,NGQc2iK61
370,Torre,Brody,243-813-9654,tbrodya9@symantec.com,wZ4LBIL
371,Danni,Konmann,971-950-0099,dkonmannaa@multiply.com,lR6sF8
372,Rae,Goodfellow,327-440-0250,rgoodfellowab@redcross.org,hmfjZ9oc0nL
373,Kizzee,Sandom,905-331-3891,ksandomac@reddit.com,eixLeFMNLlD
374,Lyle,Statton,534-174-4616,lstattonad@wikia.com,cat1dsQfEO
375,Pacorro,Timny,829-257-0650,ptimnyae@nps.gov,YeJuQu6
376,Eli,MacQuarrie,186-389-8651,emacquarrieaf@digg.com,IfSCzdXUfj
377,Chrysa,Chastang,834-358-4058,cchastangag@statcounter.com,9o6vlH4faNM0
378,King,Jotham,933-717-8084,kjothamah@addtoany.com,IsE2s04h9rY9
379,Shane,Ardern,795-653-2809,sardernai@ucsd.edu,248rteBrrvs
380,Cass,Kyncl,654-958-7268,ckynclaj@blogger.com,KoaCcudNl
381,Claudina,MacCahee,308-317-7909,cmaccaheeak@cmu.edu,6KCcXd
382,Clarice,Addis,233-525-7282,caddisal@washingtonpost.com,ZMi1N0q
383,Tybalt,Boxhill,884-772-4609,tboxhillam@diigo.com,fDQRIX
384,Franzen,Ordidge,448-971-2164,fordidgean@indiegogo.com,qd2xwJ
385,Benson,Beentjes,857-900-6949,bbeentjesao@clickbank.net,2LvAWfWI
386,Cahra,Stoppard,116-292-4126,cstoppardap@ebay.com,mLBsAXwCxO
387,Ingunna,Skipping,566-373-9035,iskippingaq@nydailynews.com,Yom9N3gn
388,Craig,Cothey,177-352-2981,ccotheyar@europa.eu,FEr26ppzMRt
389,Gabby,Roswarn,643-942-9956,groswarnas@spiegel.de,7llhdndOl1m
390,Deborah,Meron,316-692-0524,dmeronat@house.gov,hL29ln3kp
391,Christophe,Rivlin,421-678-6418,crivlinau@feedburner.com,0TqCEtJD4lY7
392,Kris,Bates,129-316-0673,kbatesav@tripadvisor.com,AEo7f1X
393,Honoria,Deedes,840-547-8183,hdeedesaw@shareasale.com,XVu4XJM
394,Sarette,Blanckley,880-352-7667,sblanckleyax@samsung.com,ic39BPNxDY
395,Sybille,Niesel,494-698-2289,snieselay@qq.com,kjenHX
396,Tomas,Aggus,293-706-5037,taggusaz@netvibes.com,Ed5cmMVSjR
397,Yevette,Finlow,112-222-6862,yfinlowb0@netscape.com,360xxHSAF
398,Aveline,Bampkin,591-886-9412,abampkinb1@google.com.au,jk53w5M
399,Case,Gundry,564-645-0240,cgundryb2@rambler.ru,OAPxHwxqh
400,Dieter,Paslow,555-265-0719,dpaslowb3@nifty.com,RQamGWZpayj
401,Bellina,Petrie,120-363-5555,bpetrieb4@mayoclinic.com,Kf8jL8ZAF6
402,Merrie,Panting,961-921-4377,mpantingb5@spiegel.de,RbDknwEdU
403,Scarface,Edington,600-678-3077,sedingtonb6@sun.com,RhQgTFfyr9
404,Henrietta,Heberden,255-537-7769,hheberdenb7@slideshare.net,uYjJcpAD
405,Janeta,Minchin,893-492-0297,jminchinb8@php.net,aXMnTUhJ
406,Clair,Brunicke,351-672-2183,cbrunickeb9@google.ru,xISNpmCvic
407,Kayne,Petrolli,234-486-3090,kpetrolliba@gnu.org,nhinsb
408,Meagan,Ronaldson,689-324-7919,mronaldsonbb@sfgate.com,nUYKk5Wq
409,Alvis,Janca,670-575-1758,ajancabc@who.int,gUCVKLFy
410,Fay,Matokhnin,585-145-1855,fmatokhninbd@illinois.edu,7Dm1lYHfss
411,Kelly,Millichap,751-933-7486,kmillichapbe@taobao.com,fnMlG4ka
412,Huntley,Eyden,745-238-2243,heydenbf@army.mil,TZgt95FT0p
413,Hildy,Buckeridge,517-848-0338,hbuckeridgebg@cbc.ca,BpVC2n616P
414,Marshall,Candelin,890-455-2444,mcandelinbh@sciencedaily.com,JxICKgCq
415,Ajay,Kenion,386-575-5781,akenionbi@jiathis.com,QOBJyTm
416,Bondie,MacAnulty,250-721-2491,bmacanultybj@godaddy.com,cnZpXQN
417,Doris,Erskine,780-112-1873,derskinebk@bbc.co.uk,52WCQmp
418,Hurleigh,Smitherham,854-782-2562,hsmitherhambl@npr.org,dexdIU7r
419,Ethelred,Vaughan,787-295-2237,evaughanbm@xing.com,qWc2KFz5Izgz
420,Olvan,Sired,751-191-4445,osiredbn@livejournal.com,i0ahZe5WS9O
421,Natalya,Plaxton,371-483-5339,nplaxtonbo@oracle.com,4CrZh9
422,Pascal,Rollinson,720-788-1840,prollinsonbp@mail.ru,klc1c0
423,Silvie,Brane,932-684-4671,sbranebq@latimes.com,mDQGea
424,Grant,Eberle,858-444-8636,geberlebr@baidu.com,sMGqbKrVJLg1
425,Henryetta,Ranking,264-172-3342,hrankingbs@skype.com,toukqhs
426,Matthias,De Winton,659-362-5588,mdewintonbt@usda.gov,cvX8cqC9pQs
427,Edan,Muspratt,490-969-4148,emusprattbu@prweb.com,lI4gFvw
428,Adriana,Craske,425-351-9761,acraskebv@wufoo.com,EjztsG
429,Clarinda,Godsil,785-734-4076,cgodsilbw@google.ru,FMsHBUsl
430,Margie,Cassam,821-990-9995,mcassambx@omniture.com,XvJuHoycUk
431,Andreana,Mc Gorley,159-420-2474,amcgorleyby@paginegialle.it,hUKCANM
432,Phebe,Roskrug,257-734-6951,proskrugbz@list-manage.com,ZND1X5Z
433,Carolyne,Heddy,299-644-3436,cheddyc0@oracle.com,4huyuz
434,Lora,Musgrave,921-344-7324,lmusgravec1@youtube.com,lIjmB7ovEre0
435,Rufus,Howgego,811-456-5159,rhowgegoc2@house.gov,mUf78iThbUq
436,Tally,Waterhouse,969-323-3807,twaterhousec3@dailymail.co.uk,ncD0XFXOJ5y
437,Rea,Marklow,546-710-4739,rmarklowc4@lycos.com,z2bQCcuu
438,Rowena,Gildroy,663-164-9292,rgildroyc5@reverbnation.com,gnuRTxiz80IC
439,Lamar,Eagling,505-465-8381,leaglingc6@mediafire.com,DOQqSX3C
440,Avrit,Wringe,330-524-7667,awringec7@china.com.cn,jMNXEMNepu
441,Angelico,Whisson,177-204-6870,awhissonc8@hugedomains.com,MvDGNUh4wqZ
442,Julietta,Rogers,353-766-5729,jrogersc9@upenn.edu,0TL7HGUeGl5
443,Fran,Eastup,775-780-7480,feastupca@about.me,zUSEglresV2
444,Sarena,Hakking,594-909-8476,shakkingcb@wp.com,wGVf8ansBTkN
445,Fidole,Shaudfurth,726-796-7994,fshaudfurthcc@rakuten.co.jp,Y1ldLhYdY
446,Meggie,Le Provest,858-623-0458,mleprovestcd@twitpic.com,4F2rsGoDka
447,Kalil,Scrine,312-520-1890,kscrinece@cbc.ca,dHb3Md
448,Nathaniel,Webber,804-693-3180,nwebbercf@baidu.com,AEpDlH
449,Abbey,Cheavin,178-743-0164,acheavincg@imdb.com,gc6jJeD1bfzm
450,Alasdair,Creer,485-677-4736,acreerch@globo.com,KGz8acG
451,Curry,Trask,206-685-0348,ctraskci@tumblr.com,He2DsM9LyZHi
452,Leeann,Narey,606-569-8966,lnareycj@xing.com,8mzo9fcGz
453,Steffane,Kemsley,879-821-9940,skemsleyck@unesco.org,AFvsIGLZF
454,Grenville,Golley,233-670-5149,ggolleycl@indiatimes.com,nQ5LEovc
455,Petunia,Fruchon,497-343-6174,pfruchoncm@prlog.org,DAU9qzKReBmF
456,Marylinda,McClancy,274-815-5587,mmcclancycn@newyorker.com,ZeXawFduy
457,Mala,McLeese,114-317-6390,mmcleeseco@paginegialle.it,HaHymDNyW6
458,Marvin,Regina,621-282-9195,mreginacp@qq.com,eiD6S8
459,Tamas,Pettyfar,951-792-9089,tpettyfarcq@people.com.cn,I7zHQ084
460,Abra,O'Heagertie,739-924-0404,aoheagertiecr@loc.gov,OX3aGh
461,Sondra,Nestor,720-131-2920,snestorcs@uol.com.br,ULrZopPtEWv
462,Des,Fowlston,259-824-0438,dfowlstonct@mozilla.org,Fhw2EK
463,Reinwald,Goatcher,841-478-6919,rgoatchercu@vistaprint.com,PON7Udcjew
464,Whittaker,Phelan,253-484-1127,wphelancv@seesaa.net,2PhyZT12
465,Fleming,Ruddock,697-483-0186,fruddockcw@arizona.edu,NiGsJvM
466,Rosella,Lorek,464-859-0693,rlorekcx@indiatimes.com,9NF4DW8
467,Meagan,Mayer,498-407-9657,mmayercy@slate.com,uSfSDFspT2O
468,Pattie,Twining,256-287-7750,ptwiningcz@mapquest.com,2oWGP2
469,Padgett,Tixall,507-721-6687,ptixalld0@hp.com,PlJnnBbGY5oS
470,Regan,Leigh,485-599-4196,rleighd1@topsy.com,xk6IslJIvI
471,Ines,Mostyn,428-855-8792,imostynd2@sogou.com,XgRxJxo7v0n
472,Anstice,Imlacke,762-107-7435,aimlacked3@clickbank.net,rf3WYgre3G
473,Nell,Roubottom,654-328-6924,nroubottomd4@sfgate.com,t4vA6F
474,Norbert,Hatliffe,225-146-3544,nhatliffed5@ifeng.com,0rwhRnd3Uvbp
475,Norry,Ormistone,602-987-4908,normistoned6@naver.com,5LYeluEB
476,Nicky,Knapper,250-790-3997,nknapperd7@europa.eu,2GbY08H
477,Parry,Heinonen,827-781-3829,pheinonend8@webnode.com,fGzVp97eNuY
478,Urbano,Shillam,533-446-9464,ushillamd9@so-net.ne.jp,HJfd4ELB5
479,Aimil,Hilbourne,797-269-5968,ahilbourneda@trellian.com,1TacprCNxF5
480,Kacey,Hurll,866-927-1150,khurlldb@cmu.edu,AQmQUutrMi
481,Shela,Henri,213-469-3037,shenridc@shutterfly.com,PNnzfIJO1VqV
482,Nealy,Theodoris,843-418-6860,ntheodorisdd@japanpost.jp,YJRNZ8j
483,Courtney,Cowser,514-343-9222,ccowserde@altervista.org,azhMvX8Jr
484,Quinn,O'Gorman,834-410-2481,qogormandf@google.de,M5jh5sbmI8
485,Fleurette,Gogie,405-667-5519,fgogiedg@thetimes.co.uk,aCHknlKqJZF
486,Stefano,McCorry,575-633-1724,smccorrydh@vkontakte.ru,Seq3UD9
487,Jase,Ariss,204-650-5498,jarissdi@foxnews.com,glGFi1dh47
488,Wilton,Edelston,990-291-5804,wedelstondj@squarespace.com,aZqLBnh8dBju
489,Jefferey,Overel,511-786-6806,jovereldk@mail.ru,gNVz8dvirmhB
490,Akim,Kahn,877-520-8999,akahndl@homestead.com,RMuJXx
491,Charil,Whiteford,449-491-8147,cwhiteforddm@cloudflare.com,8OdvTq1BXn5
492,Jillana,Burrel,308-973-2465,jburreldn@discuz.net,SePG25nN8
493,Barbra,Bohlmann,512-922-2810,bbohlmanndo@godaddy.com,8dRNDjH
494,Steve,Petrashkov,540-468-6540,spetrashkovdp@ovh.net,Eecv4zD7ZkE
495,Garrett,Woollam,955-280-5620,gwoollamdq@360.cn,XEghLyt
496,Traci,McTerrelly,387-720-8946,tmcterrellydr@microsoft.com,jds8wLwEY67O
497,Nikolaos,Shapcote,962-262-4644,nshapcoteds@loc.gov,0LEwQ8Xdsxg
498,Byram,Kearns,299-213-9113,bkearnsdt@loc.gov,ZIy4gVKmRXR
499,Gertruda,Dallicoat,766-601-5235,gdallicoatdu@dropbox.com,ZosMBKP
500,Pet,Airy,922-912-9931,pairydv@indiatimes.com,HZHhoEh6D
501,Joleen,Kirley,344-497-5161,jkirleydw@mit.edu,foMrtQ8uZ
502,Nathaniel,Epton,801-779-1031,neptondx@t.co,d4PhYr
503,Zechariah,Verrechia,667-984-9069,zverrechiady@state.gov,F0JmMco
504,Steffane,Shute,558-446-2243,sshutedz@sina.com.cn,vgRbH67I
505,Lacey,Queyeiro,701-547-6241,lqueyeiroe0@oracle.com,AG0vNRMlWe
506,Enrico,Jorge,140-161-3520,ejorgee1@pen.io,5fU2IhZjOX
507,Benetta,Filkin,153-547-0050,bfilkine2@weibo.com,kBiIrDxEITHM
508,Reade,Pledge,161-152-0916,rpledgee3@storify.com,7bewi8X291V3
509,Elladine,O' Mulderrig,861-789-9771,eomulderrige4@walmart.com,x96ugPeps
510,Karissa,Portwain,371-797-1423,kportwaine5@photobucket.com,lnbwNAZEs1w
511,Cosme,Cyphus,619-918-5189,ccyphuse6@biblegateway.com,2zCmIu
512,Rina,Pawlaczyk,487-142-5159,rpawlaczyke7@google.fr,hC13CvrRg
513,Coletta,Barker,786-618-8669,cbarkere8@patch.com,9mOz3aHZdHC
514,Elnar,Whittuck,624-842-4471,ewhittucke9@sbwire.com,cXY2J4fG
515,Aila,Duro,699-298-1634,aduroea@facebook.com,RSYkkjhi
516,Elwira,Erb,147-685-9274,eerbeb@google.ru,JtHEebeFX9wW
517,Jeanette,Ranklin,739-197-9640,jranklinec@gravatar.com,mk1oGxLe471
518,Read,Stokell,711-710-5971,rstokelled@bbc.co.uk,DP6RVLn
519,Seka,Batrop,273-202-0066,sbatropee@sun.com,MPy3i3zi6
520,Carlie,Whetson,797-377-1053,cwhetsonef@ocn.ne.jp,ibZw3D
521,Kiel,Haddrill,666-525-1065,khaddrilleg@github.com,NlWb5NvS
522,Wanda,McAw,506-573-2546,wmcaweh@weather.com,HqjFONEWAey
523,Wes,Dedrick,398-631-6856,wdedrickei@ca.gov,yzCO4xI9od5
524,Dorise,Guare,706-828-5336,dguareej@tripod.com,bAjTy7fRGl1n
525,Nevil,Mariner,143-276-5163,nmarinerek@businessweek.com,wgCJODy1WPXb
526,Diane,Nolli,438-621-3452,dnolliel@imageshack.us,CK9nKNlFPxM
527,Kit,Glenwright,391-515-9169,kglenwrightem@yahoo.co.jp,KZvu3XwT1d
528,Alica,Beaver,119-274-5782,abeaveren@guardian.co.uk,OUKLkRrC
529,Imelda,Hurndall,940-362-8348,ihurndalleo@huffingtonpost.com,sesPnk
530,Rip,Menat,697-938-4846,rmenatep@addthis.com,w1lXMk
531,Margaretta,Spaice,725-167-9007,mspaiceeq@wikispaces.com,5yyXPB
532,Trisha,Mackrell,969-751-6781,tmackreller@php.net,5GMda68
533,Cheryl,Willavoys,543-733-5919,cwillavoyses@chronoengine.com,gesU0oSYTuj
534,Keven,Quartley,410-840-9868,kquartleyet@ox.ac.uk,nWBCEtuK951
535,Linea,Trevarthen,830-523-6111,ltrevartheneu@cafepress.com,82HZWfsz09
536,Alonso,Ketchen,958-860-9167,aketchenev@eepurl.com,ORrD1uh8
537,Celestina,Mandifield,713-863-8518,cmandifieldew@mysql.com,uGa2mUtQY
538,Sonja,Huffer,417-878-1485,shufferex@spiegel.de,o6iayrw
539,Robinett,Pietranek,266-245-2482,rpietranekey@shutterfly.com,bkoperqU
540,Aleen,Winwright,358-533-4294,awinwrightez@posterous.com,sZFcbTcUL
541,Lucky,Bleddon,651-991-7788,lbleddonf0@fotki.com,PMBGQJnb3T
542,Lorraine,Johnston,726-193-5081,ljohnstonf1@ca.gov,5gWwbOfHrN
543,Madeleine,Merioth,550-316-7474,mmeriothf2@mtv.com,lnFOkC221NSy
544,Barbie,Weed,335-788-2637,bweedf3@imdb.com,wYo4vsG
545,Genny,Urch,484-275-9580,gurchf4@netvibes.com,NCT9Su
546,Chloette,Herrero,849-907-1382,cherrerof5@creativecommons.org,fzCsjgHeq
547,Salomon,McKellar,472-377-5369,smckellarf6@umich.edu,Ht2HhJjg
548,Gabriele,Swaffer,758-610-5425,gswafferf7@digg.com,qhBTBvO
549,Bobby,Barhem,449-822-1056,bbarhemf8@ftc.gov,BvC14pko
550,Burk,Eyeington,756-828-8255,beyeingtonf9@joomla.org,N6ha6V
551,Winfred,Stanwix,700-491-4417,wstanwixfa@princeton.edu,O3zXadEIEZ
552,Suzy,Vittore,634-195-3927,svittorefb@gnu.org,IIAQTgU5MH
553,Maybelle,Coulthard,201-709-6080,mcoulthardfc@fema.gov,tfLjNGdcVzc6
554,Freeland,Sexty,266-301-9725,fsextyfd@tmall.com,srkcGzU
555,Pepe,Hewell,955-233-0065,phewellfe@rakuten.co.jp,zWHoDFtKFQdx
556,Noland,Counter,865-381-1841,ncounterff@alexa.com,cMbSAKDFyd
557,Xaviera,Paslow,214-683-6601,xpaslowfg@dailymail.co.uk,T0ShE07A0
558,Kaitlin,Joder,718-390-7205,kjoderfh@nationalgeographic.com,TpH77KA
559,Jayson,Dudek,401-658-3517,jdudekfi@pagesperso-orange.fr,Ks8ZtrSjW
560,Patrica,Ellwand,977-623-6272,pellwandfj@fastcompany.com,xHURFM
561,Tracie,Tokley,510-201-0646,ttokleyfk@ftc.gov,EQHWwHs
562,Sallie,Novic,768-834-8972,snovicfl@feedburner.com,GfGj9tP
563,Tallie,Bleddon,806-488-8192,tbleddonfm@discovery.com,SJGbS2Nn5HEN
564,Delly,Prozillo,927-254-9836,dprozillofn@webs.com,UHMDqudk
565,Nata,Hanscombe,588-652-2154,nhanscombefo@mozilla.com,rR8F5gE
566,Anne-marie,Semark,427-230-3268,asemarkfp@newsvine.com,rYH5Ki
567,Diahann,Schirok,450-627-7278,dschirokfq@surveymonkey.com,RVOrY9E4SWsi
568,Travus,Detloff,153-458-4352,tdetlofffr@archive.org,4T5flr2BTzui
569,Aland,Brouncker,795-476-5003,abrounckerfs@linkedin.com,wtgRBLtkJn
570,Pegeen,Fried,448-513-5646,pfriedft@fda.gov,pOuP3agSjEe
571,Chadd,Bachura,754-961-8640,cbachurafu@java.com,EIWmFua
572,Virgina,McCaster,851-488-8125,vmccasterfv@cargocollective.com,e6gXyZt53Gb
573,Alvie,Cline,844-552-1161,aclinefw@stumbleupon.com,F9cIM1vO4
574,Shanda,Lyptrade,140-997-0815,slyptradefx@usgs.gov,Fv7ifsVI6v
575,Valerie,Bernli,844-956-8323,vbernlify@microsoft.com,6Pynl4x
576,Karlis,Carney,559-836-8862,kcarneyfz@surveymonkey.com,7UOosFWs
577,Vernon,Costelloe,142-558-9734,vcostelloeg0@posterous.com,UIihJf8oQL
578,Burton,Sidgwick,443-369-9456,bsidgwickg1@youtube.com,ywjrs5OY5
579,Peirce,Hrihorovich,415-789-9524,phrihorovichg2@furl.net,TBuWyjUVYJyL
580,Griselda,Kikke,944-587-8560,gkikkeg3@netscape.com,LkzrNngt
581,Samaria,Cran,671-282-8630,scrang4@java.com,NVMODRmQ
582,Tabina,Aslam,691-140-0866,taslamg5@twitpic.com,Th1oOPkxrBL
583,Maryjane,Josilowski,505-374-7267,mjosilowskig6@altervista.org,2WyrFw
584,Roseline,Pitkaithly,969-945-3440,rpitkaithlyg7@nbcnews.com,768YOnvqT5
585,Rosalynd,Gahan,109-950-2408,rgahang8@wisc.edu,HCzVEXTGu8b
586,Jorey,MacCague,994-184-7550,jmaccagueg9@taobao.com,PSPEAO986
587,Minda,Kadwallider,246-896-7231,mkadwalliderga@comcast.net,78sitD8V
588,Nigel,Shills,116-561-3974,nshillsgb@examiner.com,iTKY1cQJic6
589,Iris,Valentelli,198-757-9229,ivalentelligc@jugem.jp,e1KlYHs3pn
590,Shurlock,Lanaway,378-963-8392,slanawaygd@cafepress.com,93sAbH4Zf
591,Shermy,Lander,950-544-4641,slanderge@com.com,HQSwsdA1
592,Mirabella,Wray,265-523-6303,mwraygf@de.vu,n2XdoDkMc
593,Mona,Palfrey,263-342-3965,mpalfreygg@earthlink.net,q1yChIrWVmC
594,Elsinore,Van't Hoff,823-149-2325,evanthoffgh@wordpress.com,BrhUME8HA3
595,Rodolphe,Gaitskell,263-214-5021,rgaitskellgi@wisc.edu,1AofS7PE
596,Carilyn,Mingey,440-430-1626,cmingeygj@omniture.com,LWa1KYRJGGsJ
597,Aylmar,Outerbridge,304-381-7920,aouterbridgegk@yelp.com,8BdhTTilm9
598,Jerrine,Haime,770-567-1245,jhaimegl@elpais.com,iFnKPJy
599,Anallese,Jollands,834-141-2358,ajollandsgm@europa.eu,Dvz3MNcqXyG4
600,Keith,Phil,490-212-1601,kphilgn@java.com,WwpMjTy7
601,Sayre,Ratnege,966-371-7468,sratnegego@fc2.com,LeFkU14P2MeG
602,Emmi,Roch,885-800-5046,erochgp@devhub.com,uWt2w2
603,Vinson,Puttock,955-605-9258,vputtockgq@hubpages.com,b5qj1Be
604,Corliss,Eady,607-278-3953,ceadygr@admin.ch,CL3JZR4
605,Dario,McWhin,405-229-1133,dmcwhings@aol.com,nMaGfdQrN0OU
606,Holli,Whetson,497-178-2034,hwhetsongt@geocities.com,MOcnWVas3EVN
607,Cazzie,Berkelay,305-348-3174,cberkelaygu@earthlink.net,dcniJQIcq
608,Andeee,Wither,684-115-9960,awithergv@123-reg.co.uk,7XHVfkYQ2
609,Roland,Dalmon,714-108-8302,rdalmongw@ifeng.com,v6SYdtF1PmT
610,Wyatt,Spence,272-734-3071,wspencegx@europa.eu,sOfpfkhf
611,Fidelity,Coomes,112-803-0490,fcoomesgy@ask.com,raoSEP9R
612,Cassi,Daine,164-870-9772,cdainegz@angelfire.com,3Q9F326upm
613,Wilmette,Seamer,499-710-4722,wseamerh0@over-blog.com,i2MRJGnd
614,Isidora,Rowly,643-258-3969,irowlyh1@networksolutions.com,1LDphodXYo9
615,Tadeas,Pratt,578-582-2349,tpratth2@123-reg.co.uk,py3jpXdsY
616,Karisa,Seal,579-115-6373,ksealh3@is.gd,51QX8Kq
617,Malchy,McFie,636-367-6799,mmcfieh4@bluehost.com,EnLIDEplRA
618,Gabriel,Trime,512-153-6099,gtrimeh5@china.com.cn,ZpIZ02Yutgin
619,Ruperta,Wager,314-809-0333,rwagerh6@yahoo.co.jp,SJNa4ME2g
620,Melisande,De Blasi,976-111-2947,mdeblasih7@webnode.com,arADFNiba6iK
621,Raychel,Capewell,698-886-4443,rcapewellh8@theglobeandmail.com,4xeiurP0BJXO
622,Ilise,Sherebrook,135-794-3676,isherebrookh9@jiathis.com,0DNFymc
623,Boothe,Tomblin,967-883-4439,btomblinha@cnbc.com,RKZo310u3
624,Darla,Broodes,852-876-4692,dbroodeshb@samsung.com,h8ito3b
625,Denny,Heathwood,651-572-2675,dheathwoodhc@statcounter.com,gi5a3DJ
626,Shelley,Szymaniak,480-718-5090,sszymaniakhd@ustream.tv,WwzDE0zDnshO
627,Ruthy,Thorby,869-487-6762,rthorbyhe@csmonitor.com,8FSsMd
628,Tirrell,Christoforou,761-120-9243,tchristoforouhf@springer.com,ier4OnUUyD
629,Zorana,Krammer,523-219-3651,zkrammerhg@theatlantic.com,TU2veyjxq
630,Amity,Sergant,292-584-0660,aserganthh@vimeo.com,coFIjl
631,Arly,Siveyer,669-599-4265,asiveyerhi@java.com,J3i33K
632,Wendel,Padley,448-775-8828,wpadleyhj@google.fr,eGSGNC
633,Dannye,Bingham,940-213-2397,dbinghamhk@unc.edu,eUznMH9kCs
634,Amery,Skirrow,587-243-7095,askirrowhl@disqus.com,3kbCwDFWlKMo
635,Nady,Horlock,336-686-5101,nhorlockhm@sfgate.com,NM8gFpc
636,Johann,Kollas,348-781-9115,jkollashn@fda.gov,4UtMqfmXCpN
637,Humfrid,Marshall,518-317-1568,hmarshallho@spotify.com,sMrSN5pIz
638,Stanley,Semarke,747-735-7978,ssemarkehp@barnesandnoble.com,ADaNNAd6
639,Judy,Aldis,481-940-4358,jaldishq@ehow.com,QG6FdFIIMY9B
640,Berny,Gooley,707-231-2896,bgooleyhr@shinystat.com,ktVsZT
641,Jaclyn,Cranke,918-735-3248,jcrankehs@4shared.com,fJo4SYx0
642,Dalenna,Abbet,509-988-8217,dabbetht@arstechnica.com,e3uwwtgvN
643,Antone,Wyett,701-997-8061,awyetthu@multiply.com,XWGbN1LXox
644,Brandyn,Awty,734-179-1153,bawtyhv@cbslocal.com,sJpAr7utAo
645,Roderick,Stiegers,306-552-8212,rstiegershw@google.com.hk,ihNkKl
646,April,Casaccio,963-379-5255,acasacciohx@dmoz.org,OpEiPeqtB
647,Meriel,Ugo,118-762-7305,mugohy@mail.ru,ZcYb7tE7nv7
648,Obie,Domino,444-510-7703,odominohz@smugmug.com,1proxThrZF
649,Lacee,Wickmann,509-920-8377,lwickmanni0@hubpages.com,6K3HLnLFRC
650,Ulric,Tropman,306-595-0595,utropmani1@flavors.me,yiGG5CpzbXPI
651,Etheline,Josifovitz,888-345-7313,ejosifovitzi2@qq.com,zEslzbTo
652,Quinta,Goodspeed,121-299-3783,qgoodspeedi3@stumbleupon.com,AQA1rK3p
653,Leela,Dundridge,919-462-3975,ldundridgei4@samsung.com,Kga4F7zoOKg
654,Joell,Cushe,104-428-1575,jcushei5@github.io,V2726DrCepUZ
655,Gawain,Yetts,461-823-5862,gyettsi6@addthis.com,sRnWmL
656,Erasmus,Barnewelle,787-599-4711,ebarnewellei7@addtoany.com,G7QObC1A8nN4
657,Ricky,Grinnikov,525-829-8747,rgrinnikovi8@state.gov,L6lHZNOZys
658,Kris,Skryne,925-560-4461,kskrynei9@redcross.org,vWWzuQX
659,Cassie,Last,334-753-7933,clastia@ocn.ne.jp,zCAlGabeZDlF
660,Tomkin,Briztman,267-935-7125,tbriztmanib@sourceforge.net,3qmxi6Su
661,Monah,Dunne,313-638-2261,mdunneic@reverbnation.com,Nfc6imy
662,Leena,Schwandt,546-946-3709,lschwandtid@bloglovin.com,OgCoXnbYIqij
663,Vanessa,Brickham,145-986-0183,vbrickhamie@mozilla.org,COf4q2J
664,Dwain,Verner,496-809-5351,dvernerif@storify.com,Cp2DcJNYhr
665,Nadya,Allpress,943-996-9372,nallpressig@nydailynews.com,i9GrLt
666,Andras,Kabos,693-735-5757,akabosih@scientificamerican.com,q94fMn5
667,Marion,Nottle,204-527-4469,mnottleii@microsoft.com,yNoqOu42fa8h
668,Huey,Munt,304-623-5616,hmuntij@ameblo.jp,yK1KBpEFhEX
669,Lucio,Riccione,918-610-1183,lriccioneik@ovh.net,JHGy0Qp
670,Arvy,Van der Kruys,205-735-3236,avanderkruysil@umn.edu,rgJEYxjCccs
671,Gwenni,Solomon,618-193-7799,gsolomonim@sakura.ne.jp,xd2cfE08
672,Orv,Ridgewell,970-516-5313,oridgewellin@si.edu,3kNI6xjuCg
673,Oliy,Chetwind,817-405-6660,ochetwindio@unblog.fr,wBvUAr
674,Sandro,Woolfenden,641-455-6039,swoolfendenip@stumbleupon.com,StyloE88Xmb
675,Nariko,Vardie,202-569-4820,nvardieiq@acquirethisname.com,xiTdY7xilV
676,La verne,Boss,769-725-7174,lbossir@wordpress.org,zDGecls5MpS4
677,Kennie,Harp,517-759-3407,kharpis@chronoengine.com,rnFIkAJFiX
678,Armin,Priscott,383-549-0331,apriscottit@examiner.com,XnnEUDcxE
679,Bertine,Di Bartolommeo,744-897-1890,bdibartolommeoiu@icio.us,Kvc1XRkhCN
680,Tina,Cartmael,691-459-4557,tcartmaeliv@mozilla.com,TeRssk6EuN
681,Brett,Johannesson,997-738-0796,bjohannessoniw@weebly.com,HJRITz3gYCA
682,Sanderson,MacCallum,299-400-2370,smaccallumix@google.co.jp,IeamuiPiE
683,Mellie,Dafter,290-539-8201,mdafteriy@vimeo.com,2gWVbVCgokdf
684,Amy,Tompsett,412-973-4825,atompsettiz@ehow.com,FZk4sN2rq
685,Trenna,Hardway,780-776-1706,thardwayj0@squidoo.com,PWFE8KLeDJfS
686,Tanhya,Fairholm,826-828-2180,tfairholmj1@ask.com,p7vvShfC5e
687,Norman,Bartzen,620-279-2156,nbartzenj2@canalblog.com,QejGwUfXDbeU
688,Bruis,Hastwell,358-892-2913,bhastwellj3@imdb.com,cQHWbLqw
689,Wallace,Kun,388-407-0912,wkunj4@pcworld.com,QlWmI68rVZex
690,Esra,Gosselin,656-479-6866,egosselinj5@hatena.ne.jp,vFlnUFxkResf
691,Adara,Norvill,980-123-0735,anorvillj6@mayoclinic.com,nMnuZ2RAUyX
692,Shannah,Batting,412-555-9680,sbattingj7@plala.or.jp,ebHf126OOL
693,Sander,Butting,219-532-4184,sbuttingj8@ucla.edu,JTMWId
694,Kort,Matchitt,285-200-2854,kmatchittj9@hp.com,7fc9o85fJsH
695,Rufe,Dobbin,429-405-2729,rdobbinja@upenn.edu,JnRasyJ
696,Bobbie,Wixey,211-129-8157,bwixeyjb@mozilla.com,o1tb6AFnRo
697,Ashlin,Pyrah,955-307-7003,apyrahjc@cloudflare.com,oHPGk372
698,Bo,Bardnam,571-243-4381,bbardnamjd@usnews.com,qJCkPs0VG
699,Cam,Winkell,239-581-0656,cwinkellje@blogger.com,rChEQhJ8jCLg
700,Enrique,Kneesha,693-955-8841,ekneeshajf@goo.ne.jp,ZVnKb1liwO
701,Celle,Cotesford,643-739-3147,ccotesfordjg@barnesandnoble.com,CVjZjQ7
702,Odille,MacKessock,969-176-6168,omackessockjh@google.com.au,xTIM38
703,Shelley,Ivkovic,534-252-9003,sivkovicji@census.gov,aG0jvtUqwxj
704,Maximilien,Dmitriev,448-272-0594,mdmitrievjj@chronoengine.com,P6vbFaWykl
705,Rosalynd,Caustic,704-376-5499,rcausticjk@amazon.co.uk,AeCHe3QaDHHL
706,Leonelle,Domanek,930-667-7731,ldomanekjl@cafepress.com,HLzklYp60FI
707,Bronny,Gormley,371-160-9118,bgormleyjm@marriott.com,TMnOfSv8qeVI
708,Lelah,Mocquer,578-212-0055,lmocquerjn@cargocollective.com,XudhUnd
709,Bogey,Kleimt,898-419-6717,bkleimtjo@angelfire.com,iuuf1xBC889
710,Lorie,Ordemann,415-144-8338,lordemannjp@edublogs.org,foLZL1dpu
711,Amara,Stevani,466-492-2699,astevanijq@symantec.com,GP7IQo9FZE
712,Happy,Coronado,716-508-9864,hcoronadojr@dot.gov,iRqHSH
713,Goldia,Glenton,645-989-4718,gglentonjs@goo.gl,ktl05gispEn
714,Lynda,Rival,476-896-8937,lrivaljt@smugmug.com,O7Y4SqL6pj
715,Karlee,Baitman,218-119-9885,kbaitmanju@odnoklassniki.ru,BHVA9EpGRT
716,Yorgos,Goldsby,388-287-8926,ygoldsbyjv@jimdo.com,TnULga5DZX4
717,Beckie,Penhall,438-527-6775,bpenhalljw@weather.com,SIahJSLK
718,Sarge,Christaeas,893-848-0739,schristaeasjx@redcross.org,ryHfETY
719,Arvie,Cancutt,770-151-1199,acancuttjy@theglobeandmail.com,IZH9e4i2R
720,Trenton,Cribbin,404-119-4302,tcribbinjz@gov.uk,yfPmPC
721,Ursola,Hothersall,790-306-2235,uhothersallk0@booking.com,Mq1SCUrZ
722,Sasha,Leyden,392-947-2007,sleydenk1@ask.com,KR5ep177Te
723,Jerrie,Rigbye,336-539-7023,jrigbyek2@networkadvertising.org,EX1KBHY2
724,Frederique,Craythorn,891-812-0697,fcraythornk3@cpanel.net,iXENgg
725,Andeee,Hundal,330-446-0896,ahundalk4@go.com,PxydcG8u
726,Ara,Haythornthwaite,561-597-1174,ahaythornthwaitek5@oaic.gov.au,t3BO9F
727,Chicky,Georgiev,474-493-8831,cgeorgievk6@reference.com,ta862QT
728,Buffy,Selvey,555-758-1915,bselveyk7@ucoz.ru,q450rQr
729,Isa,Henzley,965-486-1042,ihenzleyk8@ocn.ne.jp,0uDGbfsxC
730,Brod,Dulin,414-785-4519,bdulink9@youtube.com,fapqccPozZbi
731,Merell,Waldock,405-808-3161,mwaldockka@fema.gov,zWeyXGBrZy
732,Kathlin,Ivie,577-397-7365,kiviekb@nature.com,IFRrrs
733,Cherianne,Sloat,647-460-1693,csloatkc@state.tx.us,7jGo6KG1FX
734,Chandler,Basnall,771-109-6470,cbasnallkd@chicagotribune.com,SXNQlYi
735,Ailbert,Cuer,554-698-8222,acuerke@smugmug.com,nuDsWFWVP
736,Walliw,Rookesby,566-533-0848,wrookesbykf@mozilla.com,NtzyOYDu
737,Isadora,Sterrick,899-729-2101,isterrickkg@si.edu,9ZEJhpAuV
738,Peyter,Asplin,938-685-7349,pasplinkh@acquirethisname.com,0HFdOqr
739,Glynis,Kahan,226-104-3943,gkahanki@columbia.edu,SX4TIdX7T8C
740,Flory,Gammon,898-687-8400,fgammonkj@slashdot.org,9T11tVm6Fhg
741,Cammi,Knights,621-183-3491,cknightskk@timesonline.co.uk,s47zoDmHz71
742,Florry,Parlatt,460-693-8607,fparlattkl@soundcloud.com,Owq0Jtv1O
743,Mickie,Pease,253-339-3717,mpeasekm@issuu.com,X2EUpAHxVlYR
744,Alastair,Hartright,513-753-9090,ahartrightkn@cmu.edu,3ukeBh
745,Seamus,Gheorghie,118-825-8948,sgheorghieko@newyorker.com,Yr5NTco
746,Josee,Caistor,651-756-8776,jcaistorkp@bigcartel.com,DU7FPKqTERHD
747,Emalia,Gisbey,655-859-4020,egisbeykq@techcrunch.com,azT6LF
748,Zelma,Jackways,783-494-6231,zjackwayskr@csmonitor.com,eqmZVh
749,Latrena,Cornil,808-939-8997,lcornilks@ustream.tv,1jkl8yk7lP
750,Bev,Gatley,848-696-9824,bgatleykt@slate.com,AuOcYTbZ6vZ7
751,Shoshanna,Tolomei,459-730-7919,stolomeiku@bing.com,YniPPszz
752,Charmian,Barukh,551-895-7400,cbarukhkv@ted.com,CZI4c2wm
753,Kendall,Thoresbie,577-286-8989,kthoresbiekw@de.vu,7vsB4rF5
754,Corette,Tebbs,611-911-9968,ctebbskx@e-recht24.de,c6JDiyY
755,Rachel,Beswell,166-157-9750,rbeswellky@apple.com,QvQETBfmRdWe
756,Madonna,Drain,152-956-4768,mdrainkz@tripadvisor.com,Ex2BFM
757,Noelyn,Madden,205-615-8797,nmaddenl0@netvibes.com,NNnSXA4m
758,Sherill,Vanni,850-558-4292,svannil1@sogou.com,f30oII
759,Lisbeth,Really,174-757-2280,lreallyl2@google.ru,RGM9aa9C1Fo
760,Innis,MacKee,267-136-9883,imackeel3@bizjournals.com,PoStDw0xa5
761,Brannon,Sissot,650-511-0056,bsissotl4@amazonaws.com,bjrT3c7bxe
762,Elia,Mahedy,230-110-4326,emahedyl5@psu.edu,13i2Fv
763,Bernhard,Poge,559-303-0282,bpogel6@bbc.co.uk,lrNV3k
764,Barthel,Ronan,309-827-7700,bronanl7@japanpost.jp,627pXYs5cR
765,Annetta,Mouland,731-832-0396,amoulandl8@storify.com,DaQMQaBi7kX
766,Shara,Euston,316-961-1221,seustonl9@opensource.org,6FIoYv08VVJ
767,Hazel,Marsie,786-588-9961,hmarsiela@oakley.com,Ubu278IMt7
768,Eloisa,Cammiemile,895-501-1083,ecammiemilelb@gmpg.org,RIJWJZLh
769,Woodman,Witcomb,890-213-9845,wwitcomblc@tripod.com,NQccth1cy
770,Lamond,Shimmans,347-746-9222,lshimmansld@imdb.com,hQThIx1I
771,Randell,O' Brian,965-196-3799,robrianle@example.com,hIJu45m6JOH
772,Lela,Dericut,113-292-4360,ldericutlf@google.co.jp,TmYDP4IqFqtu
773,Carmen,Wilhelmy,277-174-9314,cwilhelmylg@google.it,2TJxitaevm
774,Nicolai,Kayley,375-521-9871,nkayleylh@sciencedirect.com,EBZLQj
775,Brnaby,Shaplin,309-385-5279,bshaplinli@goodreads.com,0o9IwR03R
776,Viva,Niccols,324-668-7434,vniccolslj@goodreads.com,ClvtetK7t
777,Irving,Skirling,192-583-1126,iskirlinglk@amazon.co.uk,JkFkoKUwjjK
778,Trent,Haryngton,623-752-5414,tharyngtonll@macromedia.com,GmzPbb
779,Averyl,McGaughay,703-628-3472,amcgaughaylm@slate.com,hy8eYT
780,Daphene,Sperring,219-728-2057,dsperringln@cargocollective.com,24UQyK2hH
781,Elbert,Stoker,864-267-6248,estokerlo@wired.com,czxvHCddvw
782,Ernestus,Udy,931-485-0979,eudylp@sciencedaily.com,dZ8d9RCtKN
783,Lavina,Denziloe,775-150-7046,ldenziloelq@youtube.com,G4qLzTEh0
784,Corie,Sollas,465-203-2904,csollaslr@qq.com,XyOmXuTiFJ1
785,Libby,Klainer,326-752-9408,lklainerls@wp.com,qP2Cvihsc
786,Evin,Tedahl,750-384-7928,etedahllt@marriott.com,VL8MGDK
787,Kaleena,De La Coste,990-470-5981,kdelacostelu@google.es,ZKfhuQOfoTx5
788,Jeanie,Wabb,411-384-6960,jwabblv@epa.gov,Qu8cGpZ
789,Calv,Shorten,610-386-4136,cshortenlw@google.it,9PNjl2
790,Lacie,Foakes,234-996-2966,lfoakeslx@eepurl.com,eEXcEYx
791,Norma,Clamp,247-731-2595,nclamply@ovh.net,6RS4WA
792,Shelly,Guntrip,167-251-5875,sguntriplz@jugem.jp,geR9LgYdgr6
793,Perry,Wenden,642-861-8041,pwendenm0@ebay.com,gDAPEVoTp
794,Enrico,Jedrzejczyk,169-286-4117,ejedrzejczykm1@uiuc.edu,FitGZfm5V6
795,Natty,Macallam,669-287-2412,nmacallamm2@homestead.com,4MOA4tDzEmLC
796,Remy,Setterington,281-463-5800,rsetteringtonm3@w3.org,dSFG6E
797,Renie,Guthrum,293-956-4445,rguthrumm4@archive.org,rNN4Eg
798,Merv,Mallen,910-407-7448,mmallenm5@com.com,zFzURb74nW
799,Waylin,Hessenthaler,788-878-7347,whessenthalerm6@usgs.gov,rAzsZr
800,Sheila,Mustard,371-639-6436,smustardm7@who.int,FGhYCEkd
801,Zena,Bilbey,649-236-6714,zbilbeym8@topsy.com,TL66bN
802,Alie,MacCahee,111-676-3521,amaccaheem9@wp.com,QFB4S8M4
803,Davie,Edmett,761-891-2252,dedmettma@homestead.com,GQDkteRs6yQN
804,Bobby,Boynton,927-424-0600,bboyntonmb@myspace.com,soB7m8b
805,Ailee,Chapelhow,267-483-2770,achapelhowmc@arstechnica.com,mTTxWsHqc8h
806,Vaughan,McKilroe,117-916-6784,vmckilroemd@fda.gov,k1vVIVyhdh
807,Homer,Rollitt,441-653-7412,hrollittme@phoca.cz,pcwswYd8G
808,Stanfield,Shurville,679-409-8469,sshurvillemf@scribd.com,BnK8Ru
809,Vivyan,Sealy,566-969-2241,vsealymg@cdc.gov,FmU5pYBRz
810,Tallulah,Rosenthal,787-491-3988,trosenthalmh@shutterfly.com,sZgRCd
811,Roderigo,Furmagier,751-371-8343,rfurmagiermi@dot.gov,ag5WIc0QJH
812,Devon,Browse,214-529-4574,dbrowsemj@php.net,YHgzOs0D
813,Ainsley,Jorger,364-952-9624,ajorgermk@chronoengine.com,9tDeQox9ZPJ
814,Darbee,Jirak,814-919-3754,djirakml@wired.com,YEBi2QjvZ2n
815,Goldi,Grenter,990-745-5112,ggrentermm@ebay.com,9kDVyd
816,Guthrie,St Ange,167-528-9461,gstangemn@behance.net,XNryVjwt
817,Peder,Bysouth,560-178-2050,pbysouthmo@msn.com,Fjr8UJzlq4hV
818,Lizzie,Ibbeson,930-200-8653,libbesonmp@elegantthemes.com,9zepB3py
819,Marlene,Forge,647-453-0536,mforgemq@php.net,ClFRtP
820,Ravid,Huxtable,898-130-1555,rhuxtablemr@mozilla.org,5EfBUb2AViX
821,Aridatha,Kellart,138-609-5383,akellartms@merriam-webster.com,r9uHKHgU
822,Ina,Burkin,183-140-7349,iburkinmt@bluehost.com,T6oMRBNt
823,Ursuline,Marxsen,913-821-0685,umarxsenmu@google.pl,qMXuzD4s8WR
824,Wye,Ferrarello,991-678-2190,wferrarellomv@comcast.net,MjVnybXx5MgP
825,Xenia,Saunderson,612-558-0088,xsaundersonmw@cnet.com,Rv5uwrq5
826,Price,Hart,395-218-3100,phartmx@homestead.com,wQVINb2tiB
827,Lindon,Hoble,893-850-4905,lhoblemy@google.co.jp,0X0RnouY
828,Brod,Seleway,103-525-3847,bselewaymz@usa.gov,tAm6k04dpZ
829,Thorin,Andrejevic,674-517-5495,tandrejevicn0@craigslist.org,StYKhZBlT287
830,Fara,Bosquet,996-957-7612,fbosquetn1@t-online.de,MlKIQLu
831,Bonni,Cranston,490-293-8850,bcranstonn2@upenn.edu,Rh4GZ2IM034
832,Port,Greave,751-410-4783,pgreaven3@apache.org,lqjltkxZb
833,Thatch,Mattaus,833-522-0912,tmattausn4@independent.co.uk,hhLrBQJLD
834,Hollyanne,Sabbatier,730-841-4724,hsabbatiern5@jimdo.com,LWTqFuE6KD73
835,Roslyn,Drysdale,428-406-3323,rdrysdalen6@usa.gov,ybEPIvBCC55
836,Dianne,Donavan,570-707-2110,ddonavann7@unesco.org,yqkqdYnwGB
837,Orland,Fforde,766-200-5856,offorden8@independent.co.uk,GK46RXJSrNc
838,Nolie,Marco,484-975-8552,nmarcon9@nhs.uk,7FyJZUAZD
839,Fairlie,Orae,894-160-0924,foraena@ifeng.com,EMhPG2MRFE
840,Dasie,Snowsill,549-439-5259,dsnowsillnb@diigo.com,RtsyoueKueq5
841,Alethea,Diplock,265-847-1174,adiplocknc@scientificamerican.com,3cj2sl1mUNT
842,Ros,Victory,677-912-0676,rvictorynd@tripod.com,LAtxyb5mXkw
843,Court,Ankers,747-559-9110,cankersne@discovery.com,UE97Wknk
844,Kirbie,Scougall,304-150-7648,kscougallnf@delicious.com,sMFueS2mB
845,Aldis,Swetman,112-664-0129,aswetmanng@independent.co.uk,m42zeg
846,Gayleen,Talton,620-702-1865,gtaltonnh@amazon.co.uk,uN2OfYzcwL3
847,Stepha,Reyson,538-400-6218,sreysonni@bluehost.com,e0KU2vsR
848,Lanita,Geibel,121-828-7008,lgeibelnj@latimes.com,IkhE7r48i
849,Carmencita,Clarke,202-658-3192,cclarkenk@newyorker.com,mTRdPFNWTzO2
850,Nate,Ricard,453-880-2448,nricardnl@spotify.com,G6LBV2o5k
851,Cammy,Castagna,342-916-0735,ccastagnanm@cnn.com,JIKWc1Ey
852,Virgie,Cobelli,353-100-8547,vcobellinn@shareasale.com,NJE8OAa
853,Celene,Tidball,532-976-8588,ctidballno@mail.ru,dYZAfE9S
854,Tymon,Hamson,700-524-4759,thamsonnp@guardian.co.uk,AfIAnyL5r
855,Liz,Wapplington,330-978-7916,lwapplingtonnq@amazon.de,rNvuCU49uBzk
856,Hedvig,Fer,570-382-7588,hfernr@fda.gov,dmLzhGWXDU
857,Jess,Lowcock,135-839-3718,jlowcockns@reverbnation.com,BDbddNyIq31
858,Marcelline,Sinden,918-977-2285,msindennt@fotki.com,7JIe8N
859,Gasper,Cotta,408-729-0303,gcottanu@bing.com,BnQ24sBrtBW
860,Hertha,Tomlinson,845-418-6551,htomlinsonnv@yahoo.com,QwjehFL
861,Trix,Kryszkiecicz,724-749-6872,tkryszkiecicznw@sbwire.com,5a5NdNNy
862,Marilyn,Side,881-648-2797,msidenx@webeden.co.uk,p27KpCkX
863,Rubetta,Rowe,909-648-3149,rroweny@omniture.com,xqmviw
864,Andy,Shillingford,444-160-1083,ashillingfordnz@theglobeandmail.com,4oSp1rAW
865,Irena,Stringer,372-184-2178,istringero0@photobucket.com,E4ioGunOgs
866,Laina,Pyke,818-116-5915,lpykeo1@google.nl,vqOjqvqmk
867,Milka,Gomm,850-529-6882,mgommo2@yale.edu,HzsEydT0T
868,Gwendolen,Rock,172-174-2562,grocko3@weather.com,PqFRv5
869,Maritsa,Gateman,170-374-5253,mgatemano4@blog.com,2POVZo
870,Wallie,Jandak,357-723-0462,wjandako5@paginegialle.it,S3CuR0
871,Joanne,Binnell,303-859-4503,jbinnello6@mlb.com,KVqRFJ0g
872,Erda,Flather,477-821-9263,eflathero7@hp.com,T1PpaR3
873,Freeman,Udale,681-386-6735,fudaleo8@sourceforge.net,p4SiaC2
874,Ferrel,Etheredge,285-455-4363,fetheredgeo9@usda.gov,bG4lFwi
875,Demetra,Bosomworth,158-848-4453,dbosomworthoa@cmu.edu,LqkgGzJpE
876,Cord,Cotte,490-301-3012,ccotteob@state.gov,v7wk9G
877,Bud,Downgate,157-673-3826,bdowngateoc@youtube.com,WoKlcBv
878,Pepe,Trowler,714-708-4534,ptrowlerod@harvard.edu,m9FbKso
879,Phylis,Tremain,338-273-3263,ptremainoe@blogspot.com,nza0ZV
880,Uriel,Davies,137-187-5631,udaviesof@delicious.com,7x6mKxn
881,Ellary,Cambling,865-234-7070,ecamblingog@illinois.edu,zJm6xz
882,Ricardo,Pickerell,802-908-2138,rpickerelloh@surveymonkey.com,Q7BNLqBD
883,Calla,Sherville,111-954-0388,cshervilleoi@usnews.com,ehktsd8mANU
884,Mickie,Gittose,934-377-1392,mgittoseoj@ihg.com,Fy3onAuDF2
885,Federico,Rew,146-972-6726,frewok@gov.uk,EbPI8uwjYO4Q
886,Wylma,Cisco,774-426-5222,wciscool@intel.com,2xN6AZgj
887,Howey,Wardhaw,213-395-5583,hwardhawom@mlb.com,Em4NQSPG
888,Marten,Chick,594-285-5559,mchickon@google.nl,SPsUxmLT8
889,Townie,Lerway,520-543-1757,tlerwayoo@about.com,OZj3jfc4hD
890,Toni,McLarty,351-716-9617,tmclartyop@360.cn,qJhQTR
891,Clio,Wilfinger,739-734-8199,cwilfingeroq@ucoz.com,rP3sTf5YONt
892,Kettie,Mulvihill,345-850-1604,kmulvihillor@cpanel.net,KKY7VrvRW
893,Gaye,Howley,904-829-6124,ghowleyos@vimeo.com,PQEyR2e
894,Meade,Sturzaker,214-489-3437,msturzakerot@facebook.com,1ok2AJ
895,Vivie,Boyd,183-410-4324,vboydou@blinklist.com,TtixeWHYL2hy
896,Josepha,Brockest,327-579-9272,jbrockestov@fotki.com,DgOTJZ1
897,Cleveland,Kantor,112-714-6419,ckantorow@4shared.com,o96Lh9sBi
898,Sileas,Berth,976-102-1505,sberthox@amazon.co.jp,dZc8MEES
899,Byran,Lowen,686-606-3223,blowenoy@addtoany.com,UCqCElIyb
900,Wileen,Bouch,245-758-1790,wbouchoz@shutterfly.com,fj7k2adez
901,Lacie,Peebles,765-954-7625,lpeeblesp0@bravesites.com,30hrcJFRh4z
902,Leola,Raiston,514-330-1386,lraistonp1@usatoday.com,2Fsm7Rel
903,Karilynn,Moquin,388-353-3762,kmoquinp2@telegraph.co.uk,XPY6tiaZ3
904,Lela,Haster,534-947-2546,lhasterp3@senate.gov,aoSqa9LhzXAf
905,Kristian,Stoddart,719-642-8152,kstoddartp4@berkeley.edu,rRBRU9
906,Myles,Goslin,865-212-0516,mgoslinp5@va.gov,6LotRYen
907,Erwin,Phillipson,789-779-5366,ephillipsonp6@biglobe.ne.jp,tndgLc
908,Lexie,Northridge,817-761-9843,lnorthridgep7@auda.org.au,3yxk9k
909,Kerr,Latchmore,826-759-6453,klatchmorep8@ycombinator.com,nPlVzfv3
910,Truda,Aristide,156-642-4020,taristidep9@ft.com,Gr7gC49abiuu
911,Noni,Koomar,815-252-2062,nkoomarpa@w3.org,OkvqyZqbXK
912,Margie,Pavy,464-354-9509,mpavypb@livejournal.com,DW64bX
913,Ardelis,Collick,896-632-3598,acollickpc@digg.com,NZq3Ue4X
914,Elyn,Laddle,889-200-2240,eladdlepd@odnoklassniki.ru,2lsmWIA
915,Roanna,Amott,705-178-4714,ramottpe@answers.com,3yetBj4GQc2e
916,Ruy,Elland,957-295-1218,rellandpf@unc.edu,aeb6dLwYEzs
917,Nelie,Kedwell,172-761-4275,nkedwellpg@wikia.com,yZJlhT3
918,Gualterio,Askham,386-810-6130,gaskhamph@sciencedirect.com,VyoqXkZ
919,Giffy,Whifen,371-943-5176,gwhifenpi@mapy.cz,GNKopI1
920,Leese,Moulsdale,103-954-5560,lmoulsdalepj@ucsd.edu,qxhPyRW
921,Skell,Roussell,964-705-6061,sroussellpk@google.com.au,5pOvch5TO
922,Gustie,Gowland,630-247-0276,ggowlandpl@oakley.com,ivIeVmb
923,Abdul,Weatherill,874-302-6739,aweatherillpm@google.com.br,M0XTEKC
924,Dannel,Clementel,750-924-5699,dclementelpn@timesonline.co.uk,1DvZAsb
925,Guntar,Leile,252-393-8363,gleilepo@deviantart.com,MfYpWq
926,Cazzie,Puve,957-114-2690,cpuvepp@yahoo.co.jp,KNEjRZ5Y
927,Katya,de Mendoza,904-623-9364,kdemendozapq@examiner.com,xze4nu6PwziL
928,Roxy,Fletcher,652-745-5436,rfletcherpr@wp.com,7xUAvxljP4I
929,Arlie,Trowler,964-825-0818,atrowlerps@google.de,jIzWaG
930,Ham,Jansson,389-356-4735,hjanssonpt@yolasite.com,5Elhxpj
931,Deanne,Wickham,276-203-7126,dwickhampu@reference.com,nvyVPM
932,Valencia,Barrowclough,335-485-8074,vbarrowcloughpv@ihg.com,WhOHvo
933,Ulrike,McNae,523-770-7183,umcnaepw@pen.io,8zK8bQJ5dPu
934,Les,Fidler,999-426-2509,lfidlerpx@illinois.edu,l6kvuRfEmkOk
935,Layla,Chomicz,100-776-9171,lchomiczpy@nsw.gov.au,77nPGvc
936,Agata,Sisneros,831-975-0577,asisnerospz@netvibes.com,3FKUWCxGj7cj
937,Moira,Doick,899-285-0325,mdoickq0@bbb.org,Ozbu9w
938,Bertine,Castilljo,753-366-6339,bcastilljoq1@nih.gov,TIfiDnguCHu
939,Tobey,Loidl,422-821-7068,tloidlq2@seesaa.net,ssb2tWHnr
940,Nikola,Petriello,190-373-5601,npetrielloq3@army.mil,2KymZt
941,Emyle,Raiment,759-178-5645,eraimentq4@tumblr.com,00qrPkRZ
942,Janetta,Bifield,284-146-5021,jbifieldq5@printfriendly.com,0Pw13bpMj
943,Maurene,Pasby,321-577-5787,mpasbyq6@imdb.com,Vc2hJlkjJ
944,Oralle,Ankers,377-418-1529,oankersq7@hc360.com,HvJ1tqXPbk8f
945,Kingston,Wenman,701-712-6642,kwenmanq8@de.vu,CKTXj3k34
946,Ingmar,Cunde,590-269-5081,icundeq9@nhs.uk,lDgd6S2ao
947,Doy,Likly,315-951-2653,dliklyqa@free.fr,ZI8WvT
948,Clem,Absolem,986-633-7173,cabsolemqb@va.gov,nGoggv0k2
949,Linell,Pendre,143-889-2638,lpendreqc@51.la,cXpFTNBiIaeH
950,Ashli,Evequot,182-478-6773,aevequotqd@blogspot.com,ilNJhNvLJ
951,Ashia,Bilston,825-632-1704,abilstonqe@epa.gov,n3M4xk8gK
952,Betty,Pankettman,178-348-5816,bpankettmanqf@histats.com,RCda1W7MkTn
953,Lance,Piatti,954-787-6344,lpiattiqg@1688.com,0WCNpYOc1O
954,Torrie,Mackrill,531-470-2842,tmackrillqh@deviantart.com,GfTQdqFujL
955,Jae,Caccavari,354-251-7796,jcaccavariqi@hostgator.com,tpNem99dMma
956,Ward,Bavage,958-616-0703,wbavageqj@skype.com,zexGKtBZdkr9
957,Saul,Finch,314-906-2086,sfinchqk@bandcamp.com,Sqv1nv
958,Sandra,Chateau,782-321-2998,schateauql@pen.io,EGoCFjjMhYU
959,Judd,Veart,586-175-2788,jveartqm@fotki.com,qpBQ4Be4nnu
960,Carmel,Mattimoe,263-322-5661,cmattimoeqn@xinhuanet.com,eQqPvU1A1zD
961,Lyn,Pittson,994-329-2506,lpittsonqo@ca.gov,oSwS2zDMS8g
962,Laureen,Bransden,345-995-4654,lbransdenqp@independent.co.uk,hsvE9l0wj
963,Alvera,Leuty,141-663-8035,aleutyqq@paypal.com,a8GVpRsnBRB
964,Octavia,De Vere,450-431-4499,odevereqr@github.io,E58KvYmvx
965,Pat,Okey,352-335-1675,pokeyqs@cyberchimps.com,CNPI3SO
966,Petronille,Dawidsohn,345-479-7429,pdawidsohnqt@smh.com.au,JpKpPw
967,Beck,Longhirst,951-708-2148,blonghirstqu@mapquest.com,RtgOAOoBI5
968,Ewart,Crackett,904-512-9410,ecrackettqv@time.com,HIL9tN
969,Darryl,Bleythin,344-223-6432,dbleythinqw@addtoany.com,liQKk5r23
970,Ronnie,Coughtrey,949-432-6954,rcoughtreyqx@amazon.com,ZuvhufzjxkXY
971,Annora,Mulqueeny,691-850-8072,amulqueenyqy@newyorker.com,bhGVOmagnV2c
972,Terrijo,Stancer,308-998-9435,tstancerqz@washington.edu,EbuwBqwQ3
973,Datha,Droghan,857-255-8703,ddroghanr0@theglobeandmail.com,pSeDt7AwUsne
974,Sydelle,Common,805-131-7421,scommonr1@webeden.co.uk,tQ1IIGw6S9yZ
975,Margo,Thuillier,797-597-4911,mthuillierr2@goo.gl,KvNEKYyr
976,Richy,Camber,811-337-5582,rcamberr3@dell.com,ME5poHXc6P
977,Alistair,McAlister,992-999-2183,amcalisterr4@posterous.com,Zn7KsVYWpicJ
978,Cornie,Dessent,485-483-1635,cdessentr5@intel.com,anjCayP8B
979,Allissa,Folling,513-883-2232,afollingr6@elpais.com,CACed1fWpevo
980,Celisse,Zarfat,434-320-3358,czarfatr7@merriam-webster.com,85Y9tVjZ
981,Britt,Challenor,648-285-3822,bchallenorr8@google.nl,CUxE3Bl3w
982,Wilmer,Gilliam,131-526-0903,wgilliamr9@webnode.com,wzBvBMLK8u
983,Cyndia,Devenny,434-834-9032,cdevennyra@imgur.com,M2oRAX0
984,Katusha,Verling,604-307-0440,kverlingrb@newsvine.com,29acPXfy8
985,Des,Rounsivall,567-797-1443,drounsivallrc@ustream.tv,ytncA3xSM
986,Cahra,Karolowski,843-506-9560,ckarolowskird@nba.com,fwWSv9LM
987,Anabal,Tarbert,100-664-1945,atarbertre@home.pl,P4PaoBnP
988,Hayley,Ruthen,230-142-6852,hruthenrf@biglobe.ne.jp,4AmacEg9y
989,Martelle,Jelley,156-842-7729,mjelleyrg@google.es,D7S8HbOAFI
990,Jewelle,Treece,822-666-5791,jtreecerh@foxnews.com,xGSz92I
991,Klarika,Verney,752-950-7261,kverneyri@addtoany.com,b8u2Gzn
992,Cosette,Labrenz,153-228-4735,clabrenzrj@constantcontact.com,NQVe0Nu
993,Reinwald,Colwell,758-117-0302,rcolwellrk@jugem.jp,IZJNFsMosd
994,Bale,Splevin,444-974-0015,bsplevinrl@deliciousdays.com,JgGt4zw64Q
995,Brigit,Gorvette,707-946-5156,bgorvetterm@alexa.com,JiQDGU6
996,Chicky,Burnhams,225-394-8141,cburnhamsrn@time.com,1ufbkVl
997,Ari,Seabert,515-967-8638,aseabertro@ameblo.jp,h8x7OZ01m
998,Allina,Litt,415-334-1406,alittrp@w3.org,jI2Npf0V
999,Gerri,Fairholme,166-401-8050,gfairholmerq@sfgate.com,Ip4OUAz
1000,Lincoln,Bawden,439-377-9562,lbawdenrr@studiopress.com,pPsuaKb
